0,1,2,3,4,5,6
11,12,21,27,32,43,49
03,11,24,25,29,32,42
13,23,26,27,28,38,47
09,14,16,33,39,46,49
01,03,04,07,13,14,19
01,08,10,28,32,33,41
01,11,12,17,21,30,44
02,04,11,16,23,26,42
02,07,18,20,28,30,37
03,07,31,33,39,44,49
03,09,13,18,20,28,32
06,07,12,20,43,47,49
07,21,29,44,46,49,50
12,17,28,36,40,47,48
13,14,22,27,29,43,45
03,21,22,26,28,44,49
01,14,25,26,34,39,49
02,03,09,10,23,37,40
03,05,19,28,33,39,40
04,05,19,26,31,42,45
04,06,14,23,28,29,45
05,09,14,21,30,32,41
12,16,22,23,30,38,49
16,25,29,33,38,43,46
17,21,27,32,45,46,49
01,03,04,11,12,20,30
02,04,13,26,31,36,47
03,11,21,23,32,33,43
05,14,27,29,33,34,42
10,17,24,25,26,33,41
14,15,20,21,26,27,35
09,16,19,24,27,34,40
01,15,25,30,36,38,47
03,11,20,31,37,43,45
10,16,34,37,40,41,46
12,17,30,32,37,41,45
07,18,22,35,37,43,45
02,08,10,11,44,46,50
10,19,31,34,36,38,43
04,07,08,22,24,30,49
09,26,30,35,37,42,50
14,17,25,27,31,32,34
01,13,14,17,25,28,41
05,06,07,17,26,29,42
04,06,07,10,17,27,44
02,13,31,32,34,40,47
13,30,33,42,45,49,50
02,08,16,17,19,26,42
02,10,11,17,19,32,42
07,13,18,30,33,37,41
01,05,17,18,38,41,48
02,08,10,14,21,36,40
02,11,19,33,44,45,47
12,26,28,32,41,43,50
05,09,27,30,37,49,50
07,12,15,34,37,39,42
17,29,30,31,32,44,47
21,32,38,41,43,46,47
14,17,20,24,25,38,48
03,06,10,29,36,37,40
03,07,09,16,33,36,50
07,11,13,30,38,40,43
05,16,19,21,23,31,36
02,10,18,19,25,42,48
04,08,15,39,40,42,48
02,05,08,18,23,31,35
01,14,19,22,31,37,49
02,05,14,24,30,34,35
02,06,19,23,26,34,45
02,07,26,35,46,47,50
03,26,28,41,42,44,46
04,07,20,26,27,42,46
04,08,20,27,29,36,50
04,18,23,32,34,41,42
04,18,29,35,38,42,45
05,06,23,26,30,31,41
06,07,08,13,30,41,49
07,16,20,28,30,39,42
14,15,18,34,36,38,45
05,13,28,35,41,49,50
01,02,03,04,23,27,34
02,07,09,17,40,42,43
03,14,32,35,36,39,42
05,06,07,15,24,28,37
07,20,24,25,29,32,48
10,23,25,36,38,42,48
11,13,16,30,31,36,49
26,27,29,34,36,48,50
04,08,11,14,15,34,45
01,06,12,14,19,38,47
03,10,12,31,34,42,49
04,14,30,36,40,47,49
07,17,19,24,26,35,44
11,13,18,22,34,45,46
15,20,25,29,42,45,47
03,06,10,26,29,35,45
01,05,06,11,12,28,45
02,19,27,35,37,42,46
03,09,10,33,38,40,43
07,08,14,32,38,42,50
17,24,27,33,38,41,48
03,06,07,16,21,27,34
06,15,19,26,30,35,47
11,28,38,40,43,45,48
05,08,31,36,41,42,43
01,02,04,10,27,33,45
03,11,23,26,31,42,50
09,10,13,25,41,47,49
01,24,26,29,30,45,50
02,06,21,31,34,39,45
05,16,18,33,37,38,39
01,14,17,20,28,32,38
14,18,19,32,35,38,41
14,15,24,43,44,48,49
04,05,09,15,24,36,48
04,12,18,19,22,25,44
05,12,13,32,36,40,48
07,08,13,21,35,38,45
02,13,15,19,38,39,46
13,17,24,26,33,46,48
02,06,12,13,17,36,48
11,21,32,33,38,40,44
10,14,25,26,38,41,50
01,02,03,08,17,22,39
01,03,12,16,38,39,46
01,07,12,14,15,36,46
01,09,15,24,27,31,34
02,03,21,30,31,39,43
04,07,17,19,26,34,39
04,15,17,23,29,38,43
05,07,15,32,38,44,49
06,11,13,28,38,41,45
06,11,17,24,32,41,48
07,08,16,25,32,33,39
16,26,28,30,31,44,48
19,23,24,25,34,44,48
23,28,33,42,46,47,48
06,14,35,37,40,43,46
01,02,05,10,13,35,45
01,12,17,18,22,31,38
02,28,29,36,38,44,45
04,06,07,12,34,44,48
04,15,21,27,31,37,40
07,08,10,17,24,37,49
12,18,27,31,44,48,50
06,17,22,23,32,37,47
01,08,09,27,35,47,49
03,11,28,35,41,47,48
06,07,10,15,16,24,48
08,14,19,34,40,45,46
10,13,18,33,36,45,47
02,07,18,33,42,43,44
05,14,18,29,32,40,43
07,11,22,28,33,44,49
01,02,05,14,28,36,44
01,04,09,33,39,45,49
01,04,10,17,20,30,48
01,04,23,28,44,48,50
01,05,10,18,27,30,39
01,07,17,20,26,27,34
01,08,10,19,29,48,49
01,10,14,15,39,43,46
01,12,13,15,21,33,34
01,15,16,29,31,32,46
01,16,17,21,22,41,50
01,16,19,27,37,39,49
01,18,26,29,41,43,50
01,21,23,24,28,37,45
02,03,19,26,29,45,47
02,07,10,22,31,37,41
02,10,13,19,37,46,49
02,17,19,21,28,31,41
03,04,06,07,32,33,37
03,04,06,09,31,32,46
03,04,06,10,15,21,45
03,04,15,16,17,45,46
03,06,08,17,29,39,43
03,06,13,14,19,22,44
03,12,14,23,38,40,41
04,05,07,26,34,43,50
04,05,13,18,34,39,44
04,06,17,26,32,33,45
04,08,12,28,30,46,48
04,09,15,22,23,32,38
04,10,14,21,37,42,48
04,11,13,16,23,42,48
04,11,13,20,26,34,40
04,17,18,22,24,28,49
04,18,21,27,32,38,44
05,06,07,13,22,27,47
05,08,12,14,25,29,43
05,08,12,28,35,41,49
05,09,11,12,25,31,39
05,10,14,17,20,33,46
05,11,13,27,44,47,49
05,11,21,25,30,34,42
05,17,27,39,41,42,45
05,18,24,26,30,32,35
05,20,24,29,32,35,43
06,08,24,30,38,39,50
06,12,15,16,32,37,49
06,15,25,26,39,43,49
07,08,15,19,36,47,49
07,08,31,33,40,45,46
07,19,23,29,30,31,32
08,15,21,22,23,25,31
08,21,22,26,30,40,50
09,11,14,23,36,41,50
09,13,25,37,43,45,48
09,13,27,34,37,48,50
09,18,20,23,25,27,47
09,19,29,32,36,45,48
10,15,18,21,27,47,50
10,17,22,36,45,47,50
13,16,18,22,29,40,49
13,17,20,23,24,30,31
13,20,24,28,30,42,50
14,16,19,28,39,43,47
14,18,25,30,34,44,47
15,16,26,34,38,49,50
15,18,31,33,40,41,44
15,24,27,30,33,36,43
22,27,30,32,36,37,42
22,27,34,36,45,46,47
11,14,15,24,34,43,47
01,03,09,10,27,32,46
01,04,10,11,15,36,49
01,04,18,22,28,40,41
01,05,10,11,26,44,49
01,06,11,23,27,34,43
01,06,17,20,23,27,35
01,06,23,24,32,43,50
01,07,14,18,23,27,34
01,10,33,39,40,48,50
01,13,34,35,38,39,50
02,03,10,28,43,47,48
02,03,12,15,17,26,42
02,03,12,17,25,28,46
02,03,17,27,39,40,50
02,05,24,30,37,39,41
02,07,11,14,23,28,41
02,14,23,30,38,44,48
02,16,20,33,44,46,47
03,04,05,19,24,31,36
03,04,08,09,14,26,45
03,06,19,24,31,40,48
03,07,20,24,34,44,46
03,09,34,35,46,48,49
03,11,21,31,32,43,48
03,13,22,26,28,34,48
03,15,20,21,29,32,44
04,05,06,10,20,36,48
04,08,11,18,34,41,46
04,14,22,29,34,35,46
04,18,24,25,28,29,41
04,20,26,34,44,45,46
05,07,09,22,39,43,50
05,09,30,33,35,37,50
05,10,12,35,37,44,47
05,12,14,18,24,41,46
05,12,20,24,33,43,50
05,20,28,35,40,43,46
06,12,18,26,29,44,47
06,13,16,17,28,29,50
06,13,16,25,28,39,49
06,20,25,27,32,44,47
06,22,24,28,38,45,47
07,09,11,21,23,42,50
07,12,14,17,30,40,47
07,12,19,26,32,40,46
07,13,29,30,38,49,50
07,14,15,18,24,32,39
07,17,23,35,42,43,46
07,18,28,32,44,45,48
07,23,31,37,38,41,45
08,10,13,28,31,41,43
08,11,13,18,35,39,44
08,13,15,24,29,31,33
08,14,24,28,35,46,48
09,13,21,23,37,45,46
09,23,31,32,34,41,49
10,19,37,40,43,45,47
10,20,24,26,31,32,46
10,23,25,26,33,46,49
12,19,22,33,40,45,49
12,21,22,25,34,38,46
13,21,23,38,42,48,50
14,15,34,36,37,43,48
14,26,37,44,46,47,49
16,17,21,25,31,40,49
16,17,24,28,30,31,38
20,23,31,34,42,46,48
22,27,33,34,42,43,44
24,29,31,34,36,44,47
25,29,32,34,36,38,48
02,08,12,13,14,36,43
01,02,07,20,21,33,44
01,02,08,16,17,49,50
01,03,04,20,25,42,50
01,04,09,21,26,29,39
01,04,16,36,44,45,46
01,06,08,10,13,30,43
01,09,18,22,41,47,48
01,10,14,19,21,24,32
01,12,13,15,16,31,44
01,18,22,31,32,40,43
02,03,04,20,35,37,43
02,03,06,18,25,31,43
02,05,21,23,27,31,32
02,08,10,11,17,19,31
02,10,13,14,18,20,31
02,13,21,27,36,37,43
02,13,21,32,37,40,46
02,18,29,41,43,48,50
02,33,35,40,43,48,50
03,04,34,35,41,47,49
03,05,07,26,29,31,42
03,06,16,30,34,38,49
03,07,09,17,26,38,39
03,10,16,32,34,39,42
03,11,14,15,29,39,43
04,08,11,15,19,24,41
04,08,13,31,40,41,50
04,12,15,29,38,41,49
04,13,14,17,18,28,39
04,17,24,29,34,40,47
05,06,09,18,20,32,40
05,09,14,26,29,31,32
05,09,20,25,41,45,48
05,11,13,14,20,30,40
05,27,34,35,36,41,46
06,08,13,18,20,21,32
06,09,11,13,31,36,46
06,09,11,17,27,31,32
06,11,21,22,27,35,42
06,13,31,35,38,40,41
06,18,29,31,36,38,39
07,08,14,26,44,45,48
07,11,12,15,23,33,36
07,11,26,27,30,36,38
07,12,17,23,31,37,48
07,23,26,35,40,47,48
08,10,14,17,26,34,49
08,15,23,30,32,36,38
08,19,21,25,30,31,40
10,27,36,41,43,44,45
11,20,21,22,26,33,48
12,14,15,17,24,37,39
12,15,19,35,41,42,46
12,40,42,43,46,47,48
15,21,26,27,31,36,40
16,19,20,34,41,43,50
16,20,23,25,42,44,45
17,30,36,39,41,47,48
18,19,21,31,32,41,47
19,25,28,36,41,43,44
20,22,28,30,39,41,42
20,25,31,35,39,41,44
27,29,30,34,37,41,44
29,30,31,32,37,40,46
20,21,25,33,38,44,45
01,02,03,10,13,41,42
01,02,07,18,19,21,27
01,04,06,21,24,27,36
01,06,12,22,27,35,37
01,07,30,34,42,44,46
01,12,19,26,33,38,49
01,24,34,40,42,47,50
01,26,30,32,34,39,46
02,03,06,21,35,38,48
02,03,10,14,27,40,48
02,05,08,12,18,44,48
02,05,08,13,24,34,41
02,05,15,23,28,32,39
02,11,17,23,37,43,46
02,12,19,32,38,39,49
02,13,14,17,20,35,37
02,19,22,23,36,38,50
02,25,27,34,35,42,47
03,08,14,16,31,43,44
03,08,15,21,27,41,49
03,12,16,23,31,44,50
03,18,29,37,43,45,46
04,08,21,25,27,33,39
04,10,11,16,28,31,36
04,25,29,30,32,35,44
05,08,12,34,36,47,49
06,07,18,32,35,36,43
06,07,21,25,35,40,48
06,08,11,15,27,28,43
06,08,16,30,35,38,49
06,10,21,27,30,39,46
06,13,27,28,30,31,38
06,23,26,29,35,42,44
07,10,18,23,32,35,41
07,15,22,27,32,39,43
07,20,37,44,47,49,50
08,09,19,23,32,37,40
08,11,19,26,30,34,44
08,13,15,16,22,29,32
08,17,23,24,44,46,49
08,23,24,33,34,35,46
09,16,18,24,45,48,49
09,18,21,23,32,36,39
10,14,22,23,24,34,45
11,16,20,21,24,31,47
11,17,20,26,34,37,48
11,31,35,42,43,46,47
12,13,15,20,34,44,45
12,20,21,32,43,46,50
12,21,24,30,31,37,47
14,21,26,30,32,36,46
15,24,26,30,32,33,34
16,29,30,33,41,42,48
17,19,29,37,39,40,42
21,22,32,33,41,45,49
29,32,33,35,38,49,50
01,09,14,24,26,37,42
01,02,06,09,27,33,41
01,07,08,14,15,18,36
01,10,17,19,20,22,32
01,12,30,36,41,45,47
01,19,22,39,40,45,48
02,03,08,22,30,31,40
02,03,20,31,36,41,45
02,05,06,13,20,28,38
02,05,08,28,30,32,49
02,08,14,25,31,44,45
02,10,13,16,24,25,47
02,12,17,27,36,41,47
03,04,09,18,32,42,47
03,07,10,11,16,31,38
03,07,16,25,26,28,36
03,12,15,22,23,38,48
04,05,23,27,38,42,47
04,06,13,25,37,41,47
04,08,14,20,21,28,44
04,09,19,26,38,39,49
04,10,11,14,20,32,45
04,12,17,20,31,48,49
04,14,26,32,36,45,47
04,15,17,26,28,36,39
04,16,17,18,25,27,44
05,07,08,12,14,18,37
05,15,18,28,39,42,47
05,15,24,25,33,37,45
06,10,13,20,25,26,33
06,12,13,26,29,32,41
06,12,19,29,38,46,49
07,08,13,14,18,25,29
07,09,10,34,37,43,45
07,09,14,19,21,29,33
07,24,31,32,38,42,45
08,09,12,25,38,39,46
09,11,18,21,26,31,45
09,16,17,18,24,31,42
10,13,17,28,34,42,50
10,15,28,30,32,39,44
11,12,16,27,34,41,47
11,16,19,42,45,46,50
13,18,24,27,37,38,44
13,20,22,23,29,31,46
14,16,19,24,27,37,40
14,17,27,29,37,38,49
14,24,25,29,30,36,43
18,28,36,37,42,44,45
20,23,28,29,38,45,46
21,29,30,35,41,42,45
02,03,16,28,31,42,47
01,02,03,13,18,42,50
01,19,25,27,30,31,48
02,06,14,25,26,29,47
02,07,14,26,28,40,41
02,08,19,21,26,41,46
02,09,17,26,32,45,47
02,11,14,30,31,37,42
02,14,15,26,27,34,36
02,14,33,34,35,40,47
03,04,06,11,16,22,37
03,06,18,23,39,44,50
03,10,12,14,15,39,42
03,11,12,19,37,42,48
04,06,21,22,24,40,43
04,08,15,16,25,40,49
04,11,16,26,39,46,48
04,28,30,33,38,46,50
05,07,15,23,25,43,50
05,08,10,12,32,45,46
05,09,13,14,29,34,50
05,09,17,20,25,26,30
05,11,27,31,42,45,49
05,18,28,31,34,36,50
06,07,10,28,34,35,38
06,17,29,35,37,42,46
08,10,15,16,31,36,38
08,10,24,26,31,40,43
09,17,22,35,40,47,49
10,11,14,15,37,38,45
11,15,28,33,42,48,49
17,21,28,30,32,37,38
18,20,21,38,42,44,48
19,23,29,34,37,38,48
06,20,21,28,38,43,47
01,09,33,36,39,40,43
01,27,29,31,37,38,44
03,04,11,12,31,40,49
03,06,07,08,10,18,49
03,09,12,13,19,41,49
03,09,13,18,20,29,38
03,20,26,30,32,40,50
04,10,16,21,31,35,36
06,07,24,31,43,44,49
06,09,17,27,28,37,48
06,09,18,23,34,35,38
06,13,17,21,28,29,49
07,08,18,30,36,44,46
07,25,30,40,46,47,50
08,11,13,28,35,37,47
09,11,23,42,45,46,47
09,18,25,37,40,44,47
18,21,34,36,40,43,44
19,22,23,25,34,37,40
25,36,38,41,46,49,50
07,18,22,40,44,46,50
01,04,10,24,28,36,47
01,09,19,24,35,40,43
01,20,35,36,38,42,45
03,14,18,19,39,41,45
03,15,16,19,21,30,45
04,05,14,15,24,42,43
05,12,38,40,41,42,43
06,09,22,29,32,42,46
07,19,26,36,48,49,50
08,09,15,30,39,46,47
08,12,13,15,19,25,35
16,24,35,38,41,48,50
06,09,11,19,24,38,46
02,03,19,24,34,47,49
03,06,12,18,25,46,50
03,11,13,20,21,32,46
05,26,30,37,42,43,47
08,13,18,25,28,31,49
19,20,26,36,42,46,48
05,06,25,31,32,44,48
01,06,24,30,32,36,50
01,08,13,19,22,28,50
02,08,09,10,23,37,47
03,23,24,33,34,38,42
05,09,18,27,32,38,40
08,12,19,23,31,41,42
15,19,23,28,33,38,39
03,18,19,24,26,27,45
14,15,20,32,35,38,50
01,08,17,21,35,39,46
01,23,27,33,39,45,49
02,14,27,30,31,35,43
07,11,14,26,27,29,36
01,03,04,11,19,24,42
07,10,11,19,22,30,37
01,13,19,27,42,49,50
15,16,18,19,22,44,47
01,19,28,29,31,33,43
02,14,24,25,35,44,45
30,32,33,34,37,45,49
12,22,25,30,37,38,45
02,04,16,24,25,27,49
05,06,12,28,29,36,46
02,07,08,26,30,43,48
08,15,25,27,33,39,44
04,09,10,27,29,30,31
06,11,20,24,37,48,50
07,17,22,26,29,32,40
05,12,15,23,28,38,39
03,07,16,22,29,31,42
06,09,23,25,31,36,48
09,29,30,36,42,46,49
11,17,19,22,27,31,40
01,06,17,21,26,38,41
01,06,20,23,35,46,48
01,09,14,17,33,34,40
01,11,17,30,32,36,41
01,11,19,29,30,42,50
01,14,15,19,20,37,40
03,25,28,35,37,44,49
04,10,15,17,21,32,33
06,28,31,34,36,47,50
07,11,13,19,21,38,42
07,12,17,22,23,29,46
07,18,21,29,31,48,50
08,10,12,14,23,28,41
08,12,17,30,34,35,41
09,10,13,20,34,42,46
09,19,21,25,28,40,41
09,19,34,37,38,41,48
10,11,16,28,35,38,39
13,19,26,27,29,31,35
14,16,17,24,28,32,47
18,19,21,29,39,45,50
18,24,28,29,33,41,46
19,21,25,30,36,37,40
03,13,14,20,30,45,49
01,08,22,25,29,40,44
01,18,23,25,27,28,36
02,03,07,27,31,39,40
02,09,23,31,33,36,41
02,11,12,22,23,29,43
03,16,20,21,24,37,42
05,09,11,16,34,40,42
07,11,15,19,21,23,44
08,09,14,36,39,46,50
08,14,21,32,34,36,39
09,10,11,17,37,43,45
01,05,10,18,20,40,42
04,05,11,16,22,46,50
04,07,11,26,34,36,46
04,10,11,21,30,31,43
04,12,16,20,30,34,38
06,14,19,21,23,38,47
12,15,16,19,30,41,46
01,06,12,21,34,37,47
02,13,14,21,36,38,45
07,09,11,18,22,30,31
08,16,30,37,40,44,49
10,11,13,24,30,31,45
02,05,10,11,14,23,33
07,08,18,25,32,35,42
08,13,15,16,22,30,50
04,12,16,17,33,36,44
01,02,23,32,35,36,45
17,24,27,34,38,42,48
09,11,20,22,33,36,46
26,37,42,44,46,49,50
11,21,23,25,28,41,43
02,07,13,17,33,34,46
02,09,25,27,35,36,37
05,13,17,19,22,33,45
08,12,15,18,20,34,40
11,15,18,19,27,43,50
20,26,35,41,44,45,48
23,31,34,38,40,45,50
01,04,20,21,32,37,50
01,10,12,14,25,34,48
02,11,19,23,34,40,43
06,18,26,30,36,37,39
05,23,31,35,36,37,43
15,16,27,31,32,40,49
24,25,27,28,38,39,44
04,12,13,15,18,30,50
04,21,24,25,26,27,42
01,16,21,24,35,37,39
18,21,28,29,31,32,49
08,12,23,25,29,43,46
08,12,16,30,38,48,50
04,29,30,37,38,43,44
04,09,11,13,21,37,48
12,21,25,29,34,38,49
02,09,10,22,31,35,49
01,04,20,33,44,45,49
09,21,30,33,38,39,46
05,13,14,21,36,37,43
05,07,14,23,24,46,47
01,04,09,15,18,24,31
04,05,19,21,35,40,43
05,10,21,25,32,39,49
05,11,25,28,30,32,45
06,10,13,26,36,37,46
06,23,27,30,32,41,47
08,12,14,18,23,35,49
10,12,16,20,23,27,36
13,16,20,21,23,34,45
14,17,18,21,28,37,41
09,15,35,41,42,45,46
02,10,11,14,20,25,28
03,05,08,20,23,27,28
03,09,10,14,35,36,46
03,18,24,26,29,31,50
07,23,26,33,37,42,44
09,18,27,28,42,48,50
06,08,13,27,41,46,47
01,03,09,23,28,39,42
02,12,14,15,28,40,43
11,17,29,33,39,40,42
06,18,21,30,31,34,38
03,04,07,19,44,48,49
04,06,18,27,28,30,40
07,09,19,20,26,32,35
05,07,14,21,26,34,49
19,20,23,31,37,46,48
02,07,14,15,22,23,45
02,13,14,24,36,39,47
05,16,25,35,41,42,45
07,20,23,31,38,44,48
12,25,29,32,36,37,46
15,19,28,29,31,32,47
02,09,11,29,33,39,44
01,11,12,30,34,39,43
02,06,15,18,23,33,43
02,08,20,21,29,34,37
08,27,30,44,46,47,50
01,04,08,10,12,17,41
03,10,13,19,21,45,49
04,06,12,30,32,33,34
01,04,10,12,13,26,41
01,14,18,36,45,46,47
02,04,13,15,36,40,41
02,06,11,15,29,33,34
02,21,28,32,33,37,42
02,22,32,38,40,43,50
03,04,07,14,31,38,41
03,09,11,17,31,35,49
03,10,15,18,29,48,49
03,14,20,25,26,32,34
05,10,22,39,42,47,50
05,19,22,23,26,28,47
06,07,13,23,24,26,30
06,23,26,34,41,44,46
06,27,29,30,31,45,50
14,17,19,24,27,32,40
18,20,23,25,30,40,45
18,24,28,32,37,38,41
21,27,31,34,37,42,46
04,05,09,19,28,34,44
01,02,17,22,24,28,47
01,10,17,22,29,44,48
02,05,11,14,29,33,40
05,22,23,33,36,38,39
06,09,11,25,33,34,49
06,14,22,23,26,33,34
07,12,16,28,34,41,45
08,20,23,26,33,42,46
09,13,16,26,29,30,35
10,11,15,28,41,44,48
07,12,16,26,40,45,49
04,07,18,23,30,34,44
06,07,08,10,20,30,44
06,13,16,27,28,38,45
10,11,13,23,24,31,45
14,18,35,41,44,47,50
17,21,25,26,33,42,48
04,06,09,15,22,24,28
05,06,13,16,26,29,38
08,19,23,27,36,41,48
14,16,17,18,24,48,49
18,21,25,31,34,35,49
01,07,09,28,38,48,50
03,10,13,18,20,41,48
06,09,12,13,24,29,33
08,09,37,38,40,43,49
02,11,22,25,32,40,44
01,05,06,24,27,28,32
04,15,16,17,35,46,50
06,12,19,27,30,32,44
02,05,06,16,17,47,48
02,07,17,23,26,29,31
02,12,22,27,37,42,49
02,13,15,28,33,44,47
03,05,17,18,23,28,43
03,27,36,40,42,45,48
05,10,23,30,33,39,41
10,12,19,38,41,45,47
12,17,22,28,38,49,50
07,18,22,26,35,41,50
01,05,20,32,36,37,46
02,11,28,41,46,47,49
03,04,08,14,18,36,39
03,05,07,08,26,31,39
09,16,23,39,40,45,47
12,16,17,21,30,45,50
27,29,34,35,37,45,46
02,09,29,30,31,35,37
01,05,16,23,26,29,47
02,07,17,22,28,32,48
05,09,16,31,33,38,46
07,08,11,16,31,42,43
05,08,09,28,32,48,50
01,05,13,17,23,32,39
02,14,24,27,34,38,49
01,21,34,38,39,40,46
01,02,05,11,20,30,39
01,02,16,32,44,46,50
03,22,37,39,41,43,44
09,17,22,33,36,45,46
09,21,26,28,30,37,44
18,24,25,30,31,33,48
08,16,19,22,28,31,38
01,04,05,06,10,12,31
01,05,16,18,32,39,46
01,12,15,23,26,30,33
02,04,05,27,43,45,49
02,05,10,27,32,33,38
02,09,11,12,18,22,36
02,12,17,28,32,40,50
03,11,12,20,27,40,50
04,05,06,16,40,42,46
04,05,09,14,20,22,40
04,06,13,22,27,29,41
04,07,13,19,32,37,49
04,11,13,17,27,41,49
05,10,14,21,34,35,48
05,13,15,28,42,43,48
06,07,20,25,28,33,50
06,10,16,21,27,31,32
08,09,11,18,33,38,43
11,14,17,18,28,46,47
15,20,24,25,34,36,39
17,21,34,36,38,39,45
19,20,23,30,37,42,49
07,10,11,24,39,43,48
02,04,07,09,22,24,50
02,08,10,19,26,28,31
03,05,10,34,36,38,43
04,14,21,22,26,27,39
05,13,14,26,31,37,41
06,09,11,27,40,42,49
07,15,26,39,43,46,47
09,10,21,23,34,37,47
10,22,24,27,38,42,44
12,32,35,37,40,43,50
14,19,20,24,32,33,39
15,17,22,29,35,36,37
26,30,31,35,37,38,48
17,20,27,29,37,39,41
01,08,12,15,16,32,47
01,16,19,31,37,46,49
02,07,16,40,41,44,50
03,04,10,12,16,27,49
04,06,09,14,26,34,43
05,09,24,35,36,38,40
06,16,26,33,40,46,50
09,14,20,28,34,37,47
07,22,26,35,46,47,49
01,11,18,25,31,39,48
01,13,15,21,23,24,38
02,03,09,14,26,33,46
04,07,20,29,31,36,44
05,11,15,18,20,24,46
03,07,11,13,33,41,43
05,09,34,38,39,42,47
03,09,21,35,44,47,48
17,18,27,38,39,40,47
09,20,21,22,25,26,37
03,04,21,33,38,44,45
11,12,22,33,37,48,49
08,14,31,36,39,46,47
02,03,06,13,37,42,46
03,12,17,22,29,31,48
01,03,22,30,31,37,40
01,16,24,28,30,31,47
04,16,19,32,35,36,38
01,08,15,16,32,39,40
08,14,16,17,29,41,42
05,12,15,23,26,38,41
05,27,34,37,39,41,47
09,11,14,21,22,24,41
22,23,24,25,37,40,49
07,30,32,40,47,48,50
11,19,22,26,33,46,48
03,04,10,11,26,28,40
25,28,32,41,42,44,45
03,12,25,36,37,42,49
03,06,09,37,40,41,48
03,18,19,22,23,39,47
05,13,24,28,44,47,50
09,18,23,36,39,43,48
04,09,10,15,32,37,44
12,16,26,35,36,40,47
08,09,19,26,27,31,46
09,10,13,21,40,41,43
02,15,21,29,40,47,50
03,06,09,22,29,38,39
01,04,12,15,22,24,43
01,05,13,18,31,33,37
01,09,15,16,18,21,24
02,03,17,26,28,32,47
02,04,06,12,24,28,41
02,06,10,33,34,46,49
02,07,08,18,25,42,50
02,07,11,24,25,30,32
02,15,17,18,26,31,50
02,17,21,23,24,26,28
02,19,23,32,35,40,49
02,20,27,30,31,33,48
02,23,26,37,39,49,50
02,30,32,35,43,44,48
03,04,05,15,30,31,37
04,06,29,30,33,47,48
04,07,13,15,18,48,49
04,22,24,25,29,33,48
05,09,22,23,24,29,36
06,09,11,19,26,33,39
06,09,18,25,34,41,49
07,09,10,23,34,40,50
07,14,15,22,28,33,34
07,21,23,29,40,47,49
08,10,16,17,21,33,46
08,12,15,19,22,43,47
08,16,20,26,29,30,32
09,19,21,22,27,39,50
11,12,13,15,24,35,46
11,21,27,38,41,42,45
17,21,22,27,29,34,38
03,09,10,14,15,19,20
01,02,05,21,34,45,50
01,02,17,18,20,21,24
01,07,11,20,22,24,25
01,09,10,21,34,37,40
01,29,30,31,42,44,46
02,05,10,15,32,37,45
02,05,26,29,37,42,43
02,14,17,22,25,35,40
02,17,21,30,36,40,47
02,25,34,36,39,42,43
04,06,10,23,32,33,48
05,06,20,36,37,39,41
05,07,08,19,28,39,49
06,10,28,36,40,42,46
06,11,20,22,28,43,47
06,14,15,17,34,35,47
06,15,19,23,36,37,38
08,18,20,22,26,28,34
09,11,17,20,21,22,33
09,13,29,33,43,46,49
09,17,24,28,31,37,40
09,19,41,42,44,46,49
10,19,33,34,36,43,47
11,26,32,41,42,48,49
13,17,20,23,28,36,40
13,19,33,37,40,41,50
22,27,29,38,40,45,48
05,20,21,22,32,37,41
01,05,08,10,12,21,38
01,09,13,16,18,28,45
01,11,12,16,20,30,39
02,06,09,13,14,31,45
02,06,09,18,36,42,43
02,09,10,16,17,21,42
03,08,17,37,38,49,50
04,06,11,15,28,32,50
04,06,16,17,23,35,48
04,09,24,39,43,45,49
04,11,12,15,23,26,27
05,11,14,20,24,31,38
05,11,16,25,27,29,47
06,09,32,36,44,45,48
07,10,11,23,31,33,43
07,15,20,32,34,45,48
08,11,12,13,26,46,48
11,14,21,24,30,44,49
13,20,22,28,31,37,39
14,20,21,23,24,35,40
16,19,33,37,39,44,48
22,25,27,32,34,39,48
05,09,10,25,27,29,38
01,12,13,26,40,45,49
01,14,16,25,27,31,38
01,35,36,40,43,49,50
03,04,16,20,24,27,42
03,08,09,15,17,38,44
03,09,10,27,37,47,48
03,12,22,26,31,35,41
03,13,15,19,31,43,48
04,05,10,12,22,26,34
04,07,15,22,29,38,39
04,08,14,30,31,37,50
05,06,10,22,40,41,49
05,11,16,21,33,37,46
07,08,11,17,21,30,47
09,17,18,21,30,40,45
14,15,32,36,39,43,49
14,18,33,35,39,47,48
15,19,26,34,36,39,44
15,27,29,30,33,44,49
05,07,22,29,32,37,39
01,02,07,15,23,45,48
01,03,20,35,39,44,48
01,07,12,13,21,24,50
01,17,20,31,32,41,43
02,05,06,10,19,40,42
02,11,13,17,30,39,42
03,08,10,20,26,28,41
03,10,12,14,36,41,42
04,16,22,31,37,39,48
05,07,17,23,38,39,41
06,11,29,30,36,40,48
06,12,19,20,27,30,36
08,12,16,24,25,26,28
13,15,24,30,33,35,38
20,21,28,38,39,41,43
03,04,13,14,30,36,41
01,07,12,20,24,31,32
01,09,10,13,44,45,46
03,21,22,24,36,37,39
04,05,14,24,29,33,47
05,06,08,12,18,29,48
06,12,13,15,19,39,43
06,12,19,26,31,32,44
09,16,26,31,32,46,48
09,18,19,25,26,29,33
10,11,18,19,21,31,37
02,11,16,18,19,20,25
01,02,07,10,19,23,33
02,09,12,19,20,29,30
03,11,13,30,31,34,46
04,13,17,22,27,48,50
05,12,18,35,38,40,50
08,09,10,24,32,46,49
11,12,22,25,28,34,39
11,20,23,30,39,45,49
09,16,17,18,21,22,27
04,11,13,32,43,48,50
05,07,15,21,31,33,36
06,07,13,20,23,38,43
06,20,26,32,34,40,49
14,16,19,26,31,42,48
23,26,34,38,40,44,48
04,05,08,15,27,41,48
02,04,05,14,34,39,50
05,11,14,21,32,42,50
09,10,12,18,30,32,44
22,27,30,33,41,42,43
07,14,15,35,36,49,50
02,04,19,27,33,34,40
08,12,21,22,24,33,43
05,06,27,37,38,46,48
02,09,10,35,41,42,47
10,14,15,25,27,39,48
21,27,30,32,33,36,46
15,32,36,40,41,43,48
03,04,13,24,28,33,45
03,04,27,42,44,45,46
03,07,10,22,23,28,37
03,12,16,21,22,37,39
03,14,18,20,26,36,46
04,09,15,19,31,34,50
04,09,24,31,37,40,44
06,10,17,22,25,38,48
06,11,16,22,26,36,46
06,13,14,17,31,34,50
08,10,11,20,33,35,45
08,29,31,32,43,44,49
09,12,22,31,33,48,50
10,14,29,34,36,40,45
10,18,21,25,26,32,41
11,13,19,26,28,37,49
14,23,24,32,38,41,49
04,07,14,37,48,49,50
01,02,06,07,22,25,32
01,12,13,18,26,27,40
02,06,08,19,42,46,50
02,08,10,26,41,42,50
03,06,14,19,24,34,41
03,07,16,23,24,38,39
03,18,37,38,40,43,45
05,16,19,20,29,32,34
07,12,13,26,32,33,43
09,11,15,17,23,44,47
10,11,15,19,21,46,48
11,17,24,37,42,43,46
20,28,31,39,42,48,49
03,06,19,23,33,40,45
01,08,09,14,28,32,43
02,04,08,31,32,35,41
03,07,11,15,21,44,50
05,14,18,20,40,41,48
06,09,10,30,36,43,48
11,28,29,36,39,41,48
14,17,20,34,38,45,49
05,20,22,40,42,45,46
06,15,22,23,29,30,42
09,18,24,36,41,48,49
13,14,25,30,37,43,44
14,15,19,22,31,36,39
04,06,22,34,36,48,50
14,25,37,39,45,46,50
21,24,26,31,36,48,49
03,12,18,25,43,46,50
02,27,30,39,44,45,49
04,10,12,27,30,44,46
02,11,14,21,23,34,36
07,11,16,21,31,36,44
05,06,36,39,40,46,48
08,13,14,19,23,41,44
12,16,23,28,36,44,46
05,16,19,23,30,37,48
10,13,14,24,28,47,48
03,08,12,14,17,18,29
01,03,04,18,22,43,49
01,03,04,36,38,47,49
01,03,08,11,12,16,50
01,03,08,17,33,42,44
01,06,09,16,21,35,36
01,06,10,15,20,41,42
01,08,09,21,36,39,49
01,15,28,34,45,46,47
02,05,06,07,20,21,42
02,07,18,25,32,33,34
02,09,16,24,33,38,44
02,09,32,35,38,43,49
02,10,13,24,29,36,47
03,04,06,11,27,33,44
03,04,09,14,28,35,42
03,09,25,27,41,45,46
03,12,16,19,29,32,34
04,09,23,30,37,38,50
04,10,15,18,19,28,37
04,16,36,40,43,49,50
04,27,34,44,46,48,49
05,21,22,27,36,38,50
06,14,21,23,43,48,50
07,08,09,13,18,19,25
07,09,16,18,21,32,41
07,10,17,20,38,43,49
07,16,17,26,30,37,50
08,09,17,26,35,43,48
09,11,22,24,34,36,47
09,15,23,24,25,29,49
09,27,29,33,34,43,48
10,11,12,19,20,24,26
10,11,13,16,23,33,50
10,14,15,17,24,41,50
10,19,22,29,38,40,44
11,13,19,22,27,32,40
11,18,27,32,41,42,49
12,15,16,19,21,29,40
13,24,31,32,36,43,46
18,21,28,31,36,42,49
20,23,30,34,35,38,39
32,36,38,40,44,48,50
08,18,20,24,31,37,39
01,03,08,09,15,31,36
01,04,05,18,19,29,36
01,04,09,12,13,19,44
01,16,23,24,25,30,39
01,16,23,30,32,37,48
01,20,23,29,31,38,49
02,07,21,34,42,44,46
02,10,12,13,15,20,42
02,10,18,23,29,36,48
02,17,24,26,32,44,46
02,19,22,35,36,43,44
03,04,08,09,18,36,40
03,05,26,33,41,46,50
03,14,21,33,39,46,48
03,15,16,22,29,39,49
04,08,10,18,31,42,47
04,10,16,20,23,40,46
05,08,13,15,27,43,47
06,07,09,10,22,31,46
06,11,13,14,27,41,49
07,17,28,39,44,46,48
09,20,24,36,37,39,49
09,27,28,34,37,43,45
09,38,41,42,43,46,49
13,16,24,26,33,37,47
24,32,35,36,38,39,49
03,04,11,19,30,39,40
01,11,17,18,23,28,49
02,05,11,13,36,40,47
02,06,18,22,35,36,39
03,04,06,15,18,24,27
06,07,21,33,46,48,49
08,20,22,23,25,31,48
09,17,35,40,45,46,50
11,14,21,25,29,36,45
11,37,38,43,44,48,49
12,25,27,32,38,39,45
19,25,26,27,30,32,36
23,24,33,36,37,47,50
13,27,34,36,38,45,50
04,12,26,27,32,45,46
07,13,28,31,38,44,48
08,16,17,34,39,43,46
08,17,20,30,38,39,42
11,22,23,24,28,35,49
14,27,29,30,33,36,44
01,06,12,13,19,23,38
01,09,18,29,30,37,39
03,07,10,11,18,39,43
04,08,15,16,18,31,42
05,16,17,23,24,41,42
14,23,28,29,30,33,48
01,04,28,32,36,44,46
10,11,18,19,26,35,42
19,20,23,29,35,40,47
02,12,14,15,26,34,39
07,11,19,30,42,43,50
09,11,17,19,35,36,43
02,10,20,30,32,35,50
03,08,14,15,24,33,48
13,14,18,22,42,44,47
01,04,05,08,24,26,46
24,27,33,41,44,46,48
05,09,23,29,30,31,37
05,13,23,25,27,32,44
15,16,33,36,38,43,49
01,14,16,22,32,39,45
03,05,10,18,26,33,46
05,07,15,18,35,37,45
10,20,24,25,32,39,46
10,17,18,22,23,25,34
06,11,16,18,23,26,40
01,04,06,09,25,31,43
03,21,29,37,40,43,44
17,18,22,27,29,31,34
01,03,11,13,19,22,46
18,24,31,38,44,46,50
20,31,35,36,39,42,44
01,13,17,21,27,33,48
03,07,12,17,45,47,49
03,11,12,30,34,41,45
04,19,26,33,34,44,49
07,16,18,34,35,39,46
08,09,12,23,28,40,47
08,17,18,21,26,37,40
10,11,12,26,40,45,48
01,15,19,31,40,41,43
01,02,18,26,31,33,41
01,12,17,18,21,23,49
05,07,17,31,41,46,49
06,07,20,28,35,38,47
07,18,32,34,39,44,46
11,17,22,25,30,33,48
03,09,25,26,28,34,38
04,09,11,18,20,23,31
06,17,18,20,33,35,48
09,17,21,27,28,34,42
14,20,24,29,39,41,50
03,22,26,32,38,42,43
08,10,12,13,34,38,43
15,16,17,23,25,31,36
09,15,26,36,39,41,47
02,04,17,39,40,43,46
04,16,21,32,44,45,50
01,15,16,20,27,38,50
04,05,24,25,43,44,50
06,08,11,13,28,42,48
05,09,33,36,39,41,44
04,15,17,25,39,46,49
06,14,16,32,37,41,47
05,07,19,28,32,35,44
05,06,08,15,22,46,47
09,17,23,37,44,46,48
22,24,25,26,29,32,46
01,05,38,39,42,47,49
10,25,31,34,36,39,45
19,22,28,30,36,38,39
11,20,23,24,26,41,44
04,06,10,15,24,40,43
11,15,17,20,24,25,50
03,04,07,12,39,40,43
05,06,14,28,39,41,50
06,09,15,30,39,41,50
08,09,11,18,33,41,46
10,21,22,27,29,40,50
18,22,26,29,31,41,48
04,08,11,16,28,29,44
01,03,05,12,29,30,41
01,07,11,24,33,38,48
06,09,18,36,40,42,45
11,13,20,22,40,46,49
01,15,21,29,30,31,33
01,05,15,22,24,33,39
05,13,14,18,24,35,45
11,14,17,21,23,26,36
03,13,19,25,28,30,37
10,13,31,32,36,40,41
01,04,08,28,32,36,43
06,14,26,31,34,36,45
07,11,36,37,38,43,46
02,14,15,23,27,44,45
11,16,17,20,42,44,50
01,06,13,15,38,42,49
04,11,20,22,37,44,49
18,23,28,32,34,44,50
01,02,21,30,31,46,48
02,04,12,21,28,34,39
02,08,15,26,28,33,50
03,06,09,10,18,25,32
04,07,14,19,31,37,50
04,10,14,23,38,49,50
05,08,24,25,32,35,43
05,16,23,26,39,48,49
08,12,16,23,33,37,46
10,20,35,39,44,46,50
04,08,13,23,25,33,39
01,05,06,37,45,46,47
01,07,21,23,35,44,49
01,22,26,38,39,41,46
05,08,10,16,23,29,41
07,11,15,19,22,23,33
12,19,25,28,32,34,35
07,19,22,28,34,41,42
02,08,14,16,20,30,44
03,16,22,28,41,44,48
04,09,16,33,35,40,42
05,09,10,12,43,44,46
06,29,34,39,42,47,50
02,20,26,37,40,42,49
03,22,23,24,25,30,44
04,09,10,26,27,29,37
09,11,15,19,20,35,41
02,03,08,18,31,39,50
04,21,23,39,40,42,50
09,24,27,33,40,44,48
16,17,31,34,36,39,41
02,03,05,12,21,22,37
01,19,20,22,34,39,47
01,29,31,32,35,38,48
09,17,21,23,36,41,48
02,16,21,33,39,42,47
02,20,21,30,31,39,45
01,02,16,21,23,25,28
02,04,12,23,27,41,43
02,10,16,19,36,37,41
02,10,30,34,40,46,48
06,10,24,39,42,46,49
07,11,16,21,30,45,46
09,13,14,16,21,28,29
11,16,25,28,29,39,43
19,26,28,31,32,36,47
10,12,19,22,25,32,42
05,08,21,23,36,47,48
11,20,27,31,36,37,47
01,03,20,21,27,28,44
06,11,25,31,36,41,49
02,09,16,17,21,22,32
02,23,24,29,40,48,49
06,31,33,34,43,44,46
01,02,32,37,38,39,45
18,23,31,32,36,38,43
02,06,13,19,21,32,40
06,12,20,24,40,42,47
03,19,22,30,32,37,40
08,15,21,28,29,30,39
07,22,25,26,35,41,45
05,13,14,16,17,29,49
07,21,23,25,31,34,45
19,24,30,33,34,44,47
06,27,32,40,42,44,45
09,14,25,35,38,42,47
09,20,32,33,40,41,42
06,11,21,28,29,36,44
12,14,15,18,20,37,43
02,11,14,34,43,47,48
05,09,19,24,29,31,42
11,12,23,30,31,36,44
15,19,24,30,31,44,46
05,18,19,20,32,36,48
10,12,14,19,28,44,47
12,18,22,25,27,37,41
01,03,18,21,30,32,42
25,27,34,35,37,39,44
19,20,32,33,38,40,41
14,18,20,37,38,39,43
14,15,16,22,23,36,40
20,23,24,30,37,38,43
01,03,12,16,20,29,30
02,07,12,14,18,25,49
22,23,25,28,35,38,40
02,11,13,14,29,44,46
04,06,07,27,43,47,49
05,15,23,27,31,37,47
06,10,12,25,31,38,47
01,03,05,19,23,35,45
11,22,25,27,37,41,47
05,10,20,24,26,30,40
03,13,22,32,41,47,48
02,06,10,29,30,38,40
08,09,11,22,24,42,48
03,07,24,31,37,41,44
02,04,18,26,28,32,43
02,10,25,26,27,30,37
11,20,36,37,39,40,47
04,05,11,19,21,29,36
02,06,09,10,15,19,30
01,04,07,09,11,14,37
04,06,09,19,23,31,41
01,07,10,22,28,32,38
04,09,10,12,15,32,49
16,18,19,24,26,34,35
07,11,13,20,25,28,37
09,10,14,27,28,29,42
05,11,15,16,26,34,40
01,04,22,33,35,46,47
01,02,04,07,09,25,42
06,07,11,21,23,27,41
01,09,24,32,35,40,48
02,08,12,25,27,40,45
07,16,19,30,31,44,48
13,18,21,24,30,45,46
08,10,13,19,24,37,42
03,10,15,23,24,26,29
04,09,31,36,39,43,44
04,18,21,40,43,44,47
04,05,08,19,21,31,33
03,05,09,14,33,34,41
15,19,21,33,43,45,49
02,11,19,28,29,32,44
02,15,30,33,34,41,45
03,14,29,30,35,37,48
09,10,16,29,30,33,37
10,16,22,26,39,40,45
09,11,13,14,32,37,38
27,28,30,34,40,43,44
09,16,25,29,38,43,47
02,04,10,32,41,46,49
13,15,25,31,45,46,47
09,26,34,36,40,47,48
01,04,07,10,13,22,48
01,03,15,27,33,36,39
02,04,05,08,33,47,48
04,07,25,29,30,38,44
02,12,21,31,34,35,46
03,04,05,07,19,22,28
04,11,23,27,35,40,42
22,24,29,33,40,41,46
06,16,18,20,33,36,43
15,17,31,34,38,44,46
02,04,11,21,30,33,40
03,05,17,18,19,34,47
08,20,35,37,40,45,48
05,22,24,31,36,40,43
07,24,26,38,40,44,48
06,25,35,37,39,43,45
05,12,19,22,39,43,45
03,04,21,29,30,34,47
01,02,15,27,33,35,44
08,21,22,25,34,46,49
11,18,20,25,30,33,43
04,13,14,16,23,24,40
04,06,13,27,31,36,41
03,04,10,18,20,39,46
02,09,15,23,26,30,41
08,13,16,22,23,28,29
10,11,20,24,26,30,32
01,05,30,40,41,44,49
11,33,34,40,43,44,45
04,09,16,18,20,21,22
19,22,28,31,32,40,47
04,05,29,32,38,40,45
11,23,24,25,26,33,42
06,26,27,29,31,36,46
07,08,32,33,39,43,45
11,12,22,39,41,43,45
19,21,28,34,37,43,44
02,03,13,36,44,46,48
06,25,27,40,44,45,49
03,06,15,29,36,40,42
21,26,28,29,38,46,47
04,08,17,24,32,37,45
16,17,24,30,36,37,44
12,15,33,34,40,42,48
08,09,12,14,19,25,39
17,18,19,34,36,38,39
07,08,18,38,43,46,47
21,35,36,39,41,46,47
07,12,29,33,36,39,49
08,09,13,18,21,22,34
02,05,08,11,16,25,31
06,08,14,30,34,39,40
08,13,21,31,41,44,48
02,03,18,23,29,32,41
02,16,20,26,30,31,49
03,19,29,36,43,44,49
19,24,25,26,27,36,43
08,09,13,28,31,39,49
09,21,23,26,39,42,49
02,09,14,21,23,33,42
01,13,21,24,26,29,46
04,18,19,33,34,40,45
07,08,10,20,35,38,48
06,17,18,28,31,41,45
04,15,25,28,32,36,49
03,04,11,28,42,44,45
08,09,25,29,37,40,45
05,08,15,20,25,26,47
04,08,11,13,21,27,42
06,09,21,27,37,44,47
07,14,21,30,34,37,38
16,25,37,39,40,47,48
04,05,14,30,33,44,45
06,11,16,32,36,38,45
17,19,22,26,39,43,44
13,24,28,38,42,43,48
07,09,10,14,22,24,39
03,08,10,21,37,41,49
15,17,20,32,37,48,49
06,07,14,22,34,38,45
25,34,36,38,40,47,49
05,08,10,18,21,43,49
02,12,30,32,45,47,48
10,12,13,23,24,31,47
02,09,12,25,28,30,36
05,08,11,24,33,34,41
01,04,06,17,18,28,33
02,10,20,21,23,43,47
01,05,15,17,19,46,49
01,17,20,23,32,35,48
03,07,13,19,23,36,43
08,12,27,30,31,48,49
06,07,10,15,38,41,43
04,05,10,12,15,21,23
11,15,21,30,33,35,49
11,16,23,27,28,36,45
04,11,22,33,35,42,44
02,06,30,35,37,38,39
02,11,30,33,34,35,36
22,35,38,41,42,43,44
01,14,15,20,39,40,41
01,12,30,36,37,41,45
03,07,20,23,28,45,49
01,07,13,14,22,42,48
02,04,07,16,26,39,41
01,05,24,29,32,33,41
01,04,09,17,22,23,33
06,20,30,32,38,39,42
11,16,23,29,39,40,47
07,16,20,25,36,38,46
02,18,35,43,44,46,48
06,07,12,23,37,45,48
03,07,18,24,27,28,42
03,06,22,25,26,39,43
05,08,20,24,45,46,49
32,34,35,40,41,44,48
12,14,17,18,25,33,37
03,13,18,30,41,45,49
09,21,31,33,37,39,40
01,05,16,17,19,44,49
01,10,16,18,29,34,48
11,25,27,33,37,41,47
05,06,15,18,21,32,34
12,21,24,26,28,34,42
11,17,24,34,41,42,48
05,12,23,24,31,44,45
08,20,36,44,45,47,48
04,15,17,22,31,36,48
04,05,21,32,34,40,45
09,17,22,28,34,38,39
03,04,05,17,34,40,42
02,23,25,28,35,36,47
16,19,27,28,35,43,49
16,18,21,34,43,44,45
08,15,23,27,36,38,47
10,22,29,30,33,36,38
04,06,16,20,37,44,46
02,12,31,34,39,48,49
03,08,25,28,29,30,31
01,08,09,14,20,32,45
01,02,20,33,42,45,47
02,05,20,23,27,29,32
05,07,12,25,33,42,46
01,08,14,20,38,47,48
09,10,16,23,24,39,49
02,03,04,08,09,20,30
09,13,30,34,40,42,44
08,19,22,40,44,47,49
06,12,18,26,32,40,47
04,21,24,26,27,28,29
02,03,06,24,27,45,46
12,15,26,32,39,40,43
09,20,23,25,26,34,40
03,15,19,22,39,42,43
05,08,11,22,39,43,45
05,11,19,25,36,43,44
02,07,15,18,20,41,45
04,05,11,12,15,23,40
08,13,16,19,31,35,42
03,04,06,14,36,40,42
06,07,08,17,28,46,48
09,10,11,12,29,36,45
10,12,17,19,27,33,48
04,08,12,20,33,35,45
16,18,22,23,36,40,42
01,08,16,34,35,43,49
21,24,29,37,39,45,49
02,06,15,20,23,25,36
02,28,33,34,40,44,47
19,21,22,31,37,45,48
13,18,23,28,38,46,49
06,08,09,19,31,34,35
05,16,35,38,44,45,47
09,11,12,14,23,40,48
03,07,10,11,30,31,49
01,02,08,22,29,32,34
01,04,11,23,25,40,48
06,11,17,34,39,41,42
07,14,24,29,33,37,44
21,25,26,29,33,42,45
08,09,10,28,34,38,48
02,08,24,33,34,43,45
02,10,14,19,26,43,48
04,06,19,23,32,46,49
10,13,20,37,38,43,45
02,12,15,17,20,32,49
02,04,12,24,28,44,47
11,22,24,34,39,42,43
04,13,14,22,30,33,44
05,07,14,15,33,38,46
02,13,21,23,27,30,37
05,06,10,15,22,32,49
07,10,17,18,32,38,45
05,09,17,21,26,28,47
03,12,17,18,23,27,34
02,04,05,31,40,46,49
03,06,09,13,28,42,49
06,16,27,33,41,46,49
03,05,14,21,26,30,48
02,03,14,19,47,48,49
31,34,37,39,41,45,49
04,17,20,24,29,36,45
10,15,16,17,19,27,38
05,10,16,24,27,34,45
02,10,16,22,27,47,49
02,06,12,19,27,33,46
06,07,12,39,42,44,46
02,04,16,18,25,30,40
09,13,28,31,34,35,36
05,06,07,11,13,29,44
09,14,29,33,43,44,48
09,12,13,17,26,27,33
01,16,22,32,33,36,38
02,18,20,25,26,33,48
02,14,15,20,29,37,38
02,07,10,11,34,39,48
09,12,13,19,25,28,33
04,14,18,20,29,38,48
10,26,40,41,44,47,49
02,10,21,37,38,44,45
01,20,28,30,35,36,39
02,04,19,22,30,31,43
04,25,31,39,44,45,49
01,04,11,29,34,38,47
10,15,17,22,23,32,39
06,09,11,21,31,35,40
01,06,21,24,27,34,44
21,22,27,28,30,43,47
03,06,12,31,34,40,46
06,07,22,24,25,26,49
06,11,29,33,37,38,44
04,12,21,23,32,38,40
04,08,19,22,23,34,36
04,05,16,18,28,37,42
06,11,19,26,31,37,45
11,15,17,28,30,38,39
02,04,10,36,39,40,47
05,07,12,16,19,22,25
02,07,12,13,29,38,48
04,19,20,29,33,36,40
12,16,26,31,34,37,38
22,24,28,32,35,42,43
14,15,21,27,30,34,49
14,17,22,28,32,40,48
04,12,19,22,26,27,45
05,24,32,34,35,39,45
04,07,13,19,42,45,46
05,10,19,21,30,37,49
01,06,10,21,27,34,49
13,15,16,20,26,30,39
12,14,15,19,32,36,45
02,17,35,36,38,40,45
07,10,15,36,38,42,49
07,25,33,36,43,46,48
01,07,16,22,24,42,43
06,16,37,41,46,47,48
18,31,38,45,46,47,48
07,08,24,30,37,44,48
01,08,19,25,28,29,49
01,04,08,15,39,42,45
04,10,25,33,42,46,47
05,07,11,20,30,33,47
02,03,12,18,22,40,49
07,24,26,45,46,48,49
06,11,12,23,33,42,47
07,09,19,28,32,33,42
12,19,24,27,28,29,40
07,12,14,19,21,38,40
03,08,15,18,43,45,46
02,09,15,26,28,40,42
03,06,11,13,24,27,42
04,06,08,43,44,46,49
02,11,20,32,34,40,47
06,11,13,14,28,30,34
02,14,16,20,25,29,39
14,18,34,42,43,46,49
01,02,09,14,17,25,39
10,21,29,32,37,46,49
12,15,17,23,25,32,36
14,26,30,33,36,45,49
05,19,32,34,36,47,48
02,06,08,18,21,30,45
06,07,12,17,21,42,46
02,12,19,22,23,27,37
22,27,28,31,37,45,47
07,10,12,23,29,35,42
08,11,14,24,25,31,39
10,12,33,34,45,46,49
10,15,24,31,42,43,47
10,16,18,23,25,34,36
08,17,27,33,34,38,49
08,10,16,30,32,35,41
07,16,21,28,35,44,46
06,13,31,35,40,43,46
03,06,08,24,28,36,48
05,15,20,29,36,38,46
01,09,15,22,36,38,49
02,10,25,26,30,38,39
03,10,30,35,36,42,45
08,09,12,20,22,27,30
08,11,15,17,24,27,39
08,09,23,30,31,36,42
03,21,27,28,30,35,45
03,05,09,17,32,38,44
03,09,20,26,28,37,44
01,05,13,18,20,44,49
02,06,09,21,24,28,42
01,21,30,35,36,41,46
06,10,12,19,28,40,42
07,15,21,22,23,26,49
07,18,29,31,33,36,45
03,15,16,30,31,39,49
03,23,24,28,29,34,38
10,16,19,20,29,35,39
05,21,27,29,33,35,44
17,20,36,40,42,43,49
12,18,20,23,36,41,47
05,10,24,32,33,39,49
05,06,23,27,28,33,44
01,09,12,25,35,39,40
14,24,27,41,42,45,48
04,16,17,33,42,45,48
05,06,13,23,27,37,48
04,12,15,26,38,44,48
03,15,17,34,36,47,48
07,17,21,22,33,34,44
01,02,17,19,28,33,49
04,24,25,27,37,40,46
04,17,18,24,25,39,48
03,06,07,18,40,42,44
02,07,19,20,31,32,46
01,04,13,16,25,27,31
07,22,26,30,32,38,49
03,16,22,23,30,45,46
21,34,37,40,43,44,49
12,20,22,25,27,32,49
04,09,29,37,41,45,47
01,13,27,29,30,44,48
06,07,15,17,21,40,48
03,06,11,12,17,20,46
25,28,31,36,42,44,49
06,14,16,25,31,44,47
03,11,15,29,42,46,47
06,18,20,28,34,37,49
01,03,04,20,23,36,37
05,13,19,21,29,37,48
05,09,12,23,24,27,41
05,06,08,35,40,42,48
12,13,18,27,31,40,48
13,21,27,36,42,45,47
10,21,24,25,31,36,46
05,09,13,24,32,40,44
03,17,21,23,36,37,42
02,16,19,21,25,30,42
04,17,20,26,30,45,46
02,20,21,25,33,34,41
05,18,20,30,32,40,43
19,23,35,40,41,47,48
10,14,21,33,34,42,45
10,11,12,17,22,29,34
03,13,18,22,24,32,37
08,09,12,16,18,26,41
09,19,22,26,32,34,39
06,10,12,32,43,48,49
09,12,22,27,31,46,48
04,11,17,18,25,27,47
01,09,22,25,27,28,34
05,06,13,17,18,19,33
14,18,19,20,23,26,40
03,09,15,16,19,45,48
11,14,22,23,26,28,32
04,06,18,19,22,23,26
07,08,16,20,36,41,44
04,11,25,28,29,36,46
09,10,12,35,36,41,42
01,03,11,12,14,22,48
03,04,06,16,21,32,41
11,12,19,31,35,45,47
01,03,12,14,15,38,41
04,07,22,23,40,42,48
09,18,19,27,36,44,46
06,07,09,10,18,28,44
03,05,15,25,44,46,49
06,07,08,16,22,34,41
04,05,13,23,26,45,47
01,03,05,10,16,27,43
02,05,06,18,23,26,41
01,11,21,25,27,28,46
06,09,11,25,39,40,43
09,17,18,21,42,45,47
15,16,24,28,30,33,46
03,12,21,34,37,38,41
22,32,33,35,36,39,42
06,12,14,29,32,41,44
02,04,18,19,20,39,44
03,05,07,11,13,20,29
12,17,22,27,28,29,35
02,09,18,33,36,40,49
09,11,23,33,35,36,42
08,11,14,17,26,30,36
06,08,12,19,20,25,49
01,04,05,22,25,32,34
03,07,13,19,23,31,44
03,06,09,21,25,26,35
07,16,34,37,40,41,49
08,09,16,17,19,36,42
01,02,05,11,23,36,45
02,06,13,28,29,32,44
06,07,09,11,23,29,41
08,09,27,32,39,43,47
01,11,16,17,29,38,45
09,12,18,19,35,46,48
23,24,28,30,35,46,47
02,16,26,28,30,45,47
02,04,06,08,10,33,37
19,24,32,34,40,42,48
11,18,21,22,27,28,38
06,17,18,19,22,47,49
01,08,09,14,26,37,45
02,09,20,22,25,34,48
13,15,18,19,39,46,49
13,15,19,29,33,34,45
02,07,20,23,29,44,45
01,11,20,32,41,42,44
01,20,24,30,38,42,47
11,17,23,25,33,36,38
06,22,23,30,31,43,47
07,23,32,37,38,43,44
06,10,12,32,33,44,46
02,09,17,23,43,44,45
02,17,20,23,25,38,40
08,15,21,23,30,32,47
03,12,20,28,33,44,45
20,22,30,38,41,46,49
03,08,22,25,27,33,38
08,16,19,21,24,37,43
04,17,19,29,33,34,38
03,05,17,23,28,43,46
09,13,25,31,35,36,40
04,13,14,20,23,32,44
02,05,09,13,23,29,42
01,02,06,10,11,17,40
03,08,13,33,39,40,49
03,05,10,11,12,15,24
03,10,16,28,31,38,47
18,23,28,37,44,45,47
12,25,27,29,34,44,45
04,05,10,17,19,27,49
09,23,30,35,43,45,49
09,15,16,18,22,33,38
06,12,17,19,25,33,39
06,11,16,29,37,39,49
09,19,20,22,28,33,48
04,12,13,14,18,22,45
05,10,35,40,44,47,48
04,18,23,28,35,41,48
05,13,16,17,28,37,42
03,08,13,14,18,20,36
01,21,29,37,38,43,44
15,34,37,39,41,42,46
03,14,33,38,41,43,47
05,25,26,27,29,35,46
02,04,10,11,20,35,49
05,09,30,40,46,47,48
11,20,23,27,31,41,46
01,05,11,21,35,44,47
01,02,12,23,28,38,39
02,08,13,15,19,40,44
07,10,11,18,26,29,47
01,03,22,23,39,40,49
15,23,28,36,37,43,49
10,16,24,33,40,46,47
01,02,06,28,34,43,44
08,28,32,35,37,38,44
04,10,20,22,38,48,49
06,35,36,38,39,42,43
06,08,11,35,39,43,47
11,12,14,18,23,33,39
02,37,42,43,45,47,49
02,03,08,16,21,28,45
04,06,13,14,28,39,42
07,15,19,31,33,35,45
02,03,10,14,20,25,33
03,10,18,32,36,37,44
08,18,23,38,39,44,46
05,18,19,22,26,38,40
17,27,29,30,35,41,45
09,17,18,34,36,41,43
04,07,17,19,27,29,40
10,13,14,27,32,39,40
05,09,11,33,36,38,39
07,11,22,35,42,44,45
01,15,24,32,33,43,45
03,15,21,34,37,38,41
01,02,05,08,18,23,46
02,06,09,11,12,24,40
05,25,28,34,40,46,47
05,07,13,16,25,26,37
03,12,15,17,32,35,43
02,11,17,18,22,25,39
03,20,24,25,27,37,43
01,15,17,22,31,34,46
07,22,30,31,33,35,45
08,21,25,31,47,48,49
08,11,14,20,35,38,49
01,11,14,20,22,30,34
01,07,08,13,15,20,22
10,17,18,24,26,27,49
01,08,31,35,37,41,49
09,10,11,19,35,36,46
10,28,33,35,38,43,48
01,02,04,10,25,31,33
12,14,16,20,23,28,29
08,20,32,35,36,43,49
02,19,32,36,42,43,46
25,29,30,31,32,39,42
04,06,11,34,37,41,46
11,13,33,34,36,43,45
04,08,15,24,35,47,48
04,19,25,30,31,32,40
02,04,12,18,40,41,43
07,08,20,32,36,42,43
01,11,13,33,34,38,42
09,19,21,30,35,37,43
05,17,22,32,37,45,46
01,05,07,12,17,24,40
05,06,11,14,28,33,46
06,07,15,19,29,34,44
02,05,12,18,19,28,46
05,08,09,17,37,40,48
01,09,33,35,39,43,45
13,17,21,28,39,46,47
02,03,08,12,41,45,48
02,11,24,35,38,43,49
05,07,08,22,24,33,40
02,05,11,30,31,43,47
08,16,18,39,44,47,48
03,12,16,37,38,44,46
03,12,18,26,42,45,48
02,04,18,21,36,41,44
06,08,12,15,16,23,35
17,22,26,27,32,38,46
06,07,32,46,47,48,49
06,24,29,32,35,39,40
04,06,07,13,37,40,46
07,08,14,20,23,27,37
02,12,14,18,27,41,44
07,13,20,22,26,41,42
03,10,11,14,26,29,38
01,11,13,21,34,35,37
07,10,13,19,24,31,41
09,11,15,20,25,32,35
02,10,11,12,20,24,46
07,16,18,22,43,46,49
01,13,26,30,31,38,40
04,07,12,23,31,32,48
09,15,16,19,30,34,48
14,15,16,20,36,39,47
04,15,18,21,22,37,42
21,25,33,37,39,40,41
02,16,18,23,45,48,49
14,18,25,30,35,45,48
02,14,21,24,26,33,39
08,23,35,36,41,44,46
14,27,29,39,40,47,48
11,16,19,23,26,40,45
03,10,20,21,27,39,43
04,13,15,20,21,24,40
07,10,20,23,24,30,33
11,14,15,16,33,46,49
02,03,16,32,33,35,36
01,08,13,21,31,36,44
04,09,26,33,37,44,49
02,05,06,07,20,34,35
05,10,22,37,38,40,41
08,09,10,13,19,32,39
09,23,30,32,33,40,43
01,09,13,33,35,43,44
01,02,11,31,38,41,48
03,16,24,28,31,32,42
02,05,10,11,23,42,48
07,08,21,25,33,46,47
03,24,25,31,43,45,46
03,04,08,14,20,24,30
06,13,32,34,38,39,41
05,08,15,17,44,45,48
02,19,27,28,31,43,46
05,08,19,28,38,44,48
03,18,27,28,33,39,48
08,13,19,35,37,39,49
12,19,25,28,30,38,42
07,35,39,41,43,44,45
03,13,14,15,19,32,47
12,14,26,28,35,45,47
05,25,28,30,37,40,47
04,09,24,30,41,42,45
11,15,33,36,38,41,45
04,13,23,30,31,37,43
06,11,13,25,30,38,47
07,14,15,18,34,36,47
05,06,14,32,37,47,49
04,11,13,14,21,28,41
05,06,12,22,28,32,47
02,11,13,29,36,39,41
09,22,36,39,42,43,49
02,12,33,34,40,42,45
05,21,32,33,37,39,44
01,02,06,07,16,19,26
03,14,18,22,44,46,49
07,13,27,31,35,37,43
09,12,15,20,35,43,47
02,08,14,21,25,36,49
14,16,29,35,42,46,49
04,18,32,33,39,40,43
02,11,17,21,32,42,46
09,24,26,28,32,39,49
02,06,23,30,34,39,48
01,02,17,26,28,45,46
09,18,19,23,24,25,41
03,05,12,17,25,30,31
11,14,20,38,46,48,49
09,10,13,18,36,39,49
08,13,15,22,35,44,45
04,19,20,23,34,43,48
02,13,14,19,20,24,47
07,14,17,19,25,26,38
02,23,33,37,43,46,48
16,19,23,26,27,34,36
11,22,28,33,39,43,47
04,06,15,23,33,37,41
06,09,14,16,24,30,47
13,18,28,35,38,42,45
12,17,24,32,41,44,48
08,17,19,36,39,41,47
07,09,12,25,29,32,40
02,03,04,24,40,47,49
01,04,06,13,19,21,23
13,23,39,42,44,47,48
03,12,14,23,27,34,38
01,22,23,25,34,44,48
15,16,18,29,31,39,48
01,19,20,23,28,30,31
01,05,16,32,37,41,47
03,04,15,18,19,22,45
01,11,15,16,20,29,39
07,12,15,17,34,45,49
02,08,17,19,20,25,49
07,10,13,18,22,34,40
03,16,33,36,42,46,48
08,09,11,17,37,39,41
03,13,35,36,38,42,45
15,22,28,29,36,39,45
06,14,16,22,30,42,45
01,08,09,22,29,30,32
07,18,29,30,41,45,46
01,12,18,19,21,24,41
07,12,15,23,35,43,49
13,24,29,31,35,36,42
13,18,20,26,32,35,47
07,25,26,28,32,36,37
13,17,24,32,33,44,45
02,07,10,15,28,31,35
01,16,17,25,26,31,44
06,12,15,22,24,30,34
09,13,19,20,27,31,33
05,06,23,27,37,44,45
07,13,18,20,21,23,49
12,14,19,21,22,36,40
03,13,22,23,25,32,47
11,16,34,36,42,46,47
02,04,11,28,29,33,48
08,09,11,17,26,39,46
06,11,13,20,25,38,44
05,08,13,29,33,39,49
04,06,09,21,22,29,46
05,09,16,18,31,39,43
08,10,11,12,17,37,46
05,14,22,23,35,40,49
02,14,20,21,23,34,45
05,07,11,18,27,38,43
04,05,11,13,16,18,34
05,19,22,29,35,38,49
06,19,24,25,36,37,39
05,26,31,34,37,38,39
05,06,09,21,31,32,49
03,08,09,24,28,31,44
07,08,13,19,23,32,40
09,18,25,30,39,40,43
01,08,16,19,26,34,41
01,03,13,15,28,36,49
22,23,26,35,37,39,47
13,16,19,21,24,26,30
04,13,24,32,34,43,44
09,10,13,15,35,42,45
03,30,31,37,42,43,49
08,09,13,20,21,34,42
03,11,14,18,28,41,46
05,11,17,21,22,25,33
03,04,23,33,39,40,47
14,24,27,36,39,41,44
01,06,15,24,27,34,49
10,24,29,44,46,48,49
08,10,13,21,31,36,49
06,09,33,36,37,39,44
03,13,20,25,31,37,46
07,08,17,20,25,31,42
07,17,33,34,35,46,47
06,22,25,31,38,45,47
03,11,28,29,33,39,47
01,13,26,29,32,37,44
06,13,22,25,30,38,39
04,05,10,23,41,42,48
04,12,15,18,31,39,46
03,10,15,16,25,38,47
02,15,32,33,36,39,49
09,10,12,15,24,32,33
03,09,13,17,27,32,46
04,12,13,19,25,26,29
05,12,14,30,35,40,49
01,04,08,11,15,38,44
08,16,17,29,34,37,42
03,09,16,20,28,33,43
09,12,14,19,29,44,46
01,15,19,27,28,37,38
08,14,17,27,28,30,48
02,20,22,26,27,34,44
06,07,10,14,42,46,48
10,16,26,28,32,39,45
04,07,08,16,19,34,39
03,10,25,26,33,39,47
07,16,19,20,21,25,47
06,24,25,27,33,42,49
04,10,24,32,37,41,44
09,32,37,41,43,44,48
06,10,20,35,39,40,48
08,11,17,19,22,44,48
10,11,24,33,35,37,39
09,15,21,24,28,40,47
01,10,13,16,22,25,27
05,14,33,36,40,41,46
01,17,31,33,39,46,49
03,17,22,23,27,45,47
04,05,10,23,33,35,44
01,07,24,30,35,40,44
03,04,21,22,30,31,35
26,28,33,38,42,43,47
05,09,11,19,30,33,49
05,11,21,30,36,42,43
05,11,20,22,35,38,46
03,15,22,23,33,47,49
05,12,18,26,29,31,37
16,17,18,20,40,42,43
01,14,15,16,24,39,49
01,04,12,27,35,38,46
08,14,16,17,18,34,41
10,17,25,27,29,34,38
01,06,14,23,38,40,47
02,10,37,38,39,43,47
11,16,18,19,28,33,35
04,05,08,28,35,47,49
06,08,15,21,44,45,49
02,10,12,13,19,31,47
03,04,22,29,31,41,42
01,02,08,10,15,23,49
01,05,07,09,10,17,26
07,12,14,16,24,38,47
01,10,17,23,28,33,43
01,05,11,15,30,44,48
05,14,31,35,44,48,49
01,04,13,38,43,46,48
03,11,19,26,28,31,42
04,06,16,19,24,30,42
06,17,20,21,34,38,47
15,20,24,30,39,44,46
01,07,21,39,43,45,48
17,27,32,36,37,40,42
05,08,28,30,38,39,47
16,22,24,30,31,41,47
01,02,15,16,22,29,41
01,05,19,26,33,39,44
09,11,14,17,27,28,45
01,07,18,28,31,39,48
18,19,23,34,39,43,46
02,09,13,16,25,26,45
13,14,19,26,27,36,37
01,04,11,17,27,36,37
09,12,16,24,33,45,47
02,11,12,25,33,39,44
02,04,11,17,26,41,42
04,08,13,16,26,33,38
07,24,26,36,37,43,44
02,03,06,22,24,42,46
01,05,20,33,34,41,42
07,11,20,21,22,37,47
11,12,25,28,33,41,43
03,05,09,17,28,32,43
09,12,23,24,30,33,45
01,07,10,15,22,28,41
01,12,15,18,25,30,45
04,19,37,40,42,43,48
04,09,12,13,20,29,37
04,07,09,13,18,22,44
03,13,19,21,33,44,45
14,16,18,21,38,44,49
18,23,25,30,33,37,45
07,09,17,19,36,48,49
08,11,18,25,34,35,38
11,25,26,28,38,44,45
11,14,20,22,26,35,43
10,14,22,36,38,44,45
03,04,13,16,35,47,49
08,15,16,30,33,40,44
06,10,12,27,35,36,43
01,10,11,17,19,41,43
05,21,24,27,30,32,33
23,25,29,30,42,44,45
02,05,11,18,24,25,29
09,13,24,32,33,34,48
08,12,14,34,37,44,48
01,02,12,15,22,25,41
16,19,21,32,37,39,45
02,05,06,07,08,33,45
01,11,15,20,36,41,47
03,07,20,25,29,31,44
01,17,19,23,28,29,47
05,09,14,24,33,37,46
11,16,19,22,24,38,41
08,09,11,24,25,30,40
11,15,17,20,23,31,38
03,08,10,20,28,36,48
08,12,25,35,36,40,41
02,06,12,23,33,40,49
04,05,08,12,15,30,33
05,13,17,25,36,37,41
06,08,28,33,43,45,47
09,24,27,28,43,48,49
05,16,19,21,27,35,39
15,18,23,24,40,43,45
19,21,30,34,35,41,49
07,20,26,28,30,35,39
08,18,20,23,37,38,46
03,18,21,29,38,43,45
03,11,14,18,26,38,41
12,21,25,27,32,38,44
15,16,21,27,41,42,46
08,12,35,40,43,44,47
03,16,18,22,25,40,44
03,24,25,28,32,34,42
07,09,22,37,41,42,44
01,11,27,41,45,46,47
01,08,09,10,11,12,42
13,31,36,38,40,41,42
03,18,19,22,23,45,49
08,19,24,28,34,42,48
02,11,13,20,28,38,43
14,15,16,18,23,24,39
01,09,21,22,29,40,45
12,21,22,26,30,45,49
02,07,16,20,25,27,32
08,18,20,23,27,30,45
02,03,13,28,32,34,43
08,12,14,30,33,41,48
05,11,22,27,28,31,33
02,10,14,20,33,40,48
05,08,11,16,26,42,43
14,18,19,22,30,39,43
05,12,18,21,36,40,43
01,03,08,22,29,38,47
03,11,17,19,34,43,48
10,12,14,17,21,28,33
03,19,23,25,32,35,37
09,17,18,24,30,32,38
08,12,14,31,39,40,45
04,10,21,28,29,37,45
07,33,35,43,45,46,49
01,05,06,11,12,15,25
02,08,24,30,31,38,40
10,13,18,19,38,47,48
04,15,17,20,25,38,40
10,23,29,33,37,39,48
01,02,15,25,26,34,42
13,16,20,28,39,40,43
07,09,12,15,24,33,38
01,03,04,08,19,36,43
04,14,23,34,38,40,46
04,22,27,33,35,43,44
03,04,15,23,32,39,44
01,02,20,22,25,42,46
05,11,14,39,41,43,47
02,05,08,14,22,27,34
08,12,14,17,22,31,46
03,07,17,24,38,43,47
05,13,15,27,38,41,47
10,20,22,23,30,46,47
08,12,16,17,28,43,45
07,17,18,25,27,31,48
07,10,13,38,43,45,48
04,11,29,33,38,39,47
11,12,15,25,33,47,49
02,04,05,20,24,40,42
08,12,14,18,19,31,44
03,17,26,28,29,31,46
01,06,12,25,27,35,36
09,11,17,32,37,41,48
03,14,25,38,40,41,46
13,22,27,30,37,42,47
08,09,21,22,36,38,44
06,11,25,35,43,47,49
12,24,32,35,45,47,49
13,31,33,34,37,39,40
06,12,18,19,32,44,47
01,23,34,38,39,40,46
19,21,25,32,37,44,49
14,20,21,26,28,34,37
06,07,18,24,34,38,42
02,03,17,24,29,31,46
02,07,28,30,36,40,41
04,11,15,18,33,36,39
03,07,11,16,21,41,42
04,23,24,29,40,42,47
05,10,14,19,31,33,47
04,10,16,28,29,30,38
09,11,13,15,27,36,44
02,18,23,36,45,48,49
02,12,31,32,39,40,42
01,02,09,35,36,47,48
17,26,27,31,34,41,42
01,06,11,13,15,42,44
01,02,16,34,40,47,49
05,18,29,31,33,39,45
04,11,17,27,29,42,47
03,18,20,22,23,24,33
09,23,29,37,42,45,46
01,10,17,25,32,41,43
04,17,26,27,35,40,43
06,08,11,29,34,41,46
01,09,15,22,26,29,41
02,28,30,35,41,45,47
09,12,17,28,29,30,41
10,12,16,17,18,28,29
07,10,13,16,17,23,43
10,12,13,21,30,36,47
04,21,27,30,33,45,49
04,18,25,28,38,44,46
01,05,13,27,30,35,48
11,14,17,18,23,33,35
02,04,09,24,25,32,46
03,14,20,35,41,44,46
02,12,14,19,35,37,42
01,05,11,26,28,30,41
06,09,13,27,32,42,46
01,09,20,28,41,47,48
13,16,19,21,26,42,45
04,09,12,17,25,26,45
06,10,14,36,39,45,49
01,06,24,29,41,44,48
11,14,15,27,34,43,49
02,05,18,21,24,33,45
09,12,17,22,30,47,48
09,22,28,38,40,42,45
08,14,22,24,30,36,45
06,15,19,23,27,33,45
02,09,27,32,38,39,43
07,10,18,23,26,40,45
11,15,21,33,34,39,44
18,23,26,29,35,37,45
01,02,19,25,41,45,46
11,17,24,26,34,35,39
07,11,13,25,30,44,49
10,16,18,34,39,41,45
05,08,20,21,29,40,47
02,11,20,22,31,35,47
07,10,21,24,38,40,49
08,14,18,20,24,39,46
06,18,20,24,29,41,49
17,18,20,27,34,43,49
06,12,14,16,33,42,49
03,11,14,15,22,25,27
13,17,18,23,34,38,41
04,23,29,36,39,44,46
03,05,19,29,33,34,44
33,34,36,42,44,45,47
14,18,22,25,36,39,44
08,09,12,24,29,36,37
04,12,17,21,32,38,42
03,13,24,36,39,44,45
07,12,14,15,27,34,44
06,08,17,27,29,30,31
08,10,13,18,20,22,42
08,10,14,15,23,38,43
05,07,19,22,28,34,44
13,14,26,28,32,36,38
10,13,22,23,25,27,47
07,11,14,26,30,39,47
12,14,19,22,38,40,46
04,10,22,24,28,37,40
04,13,25,28,37,43,46
12,14,19,23,25,38,40
21,24,29,31,39,41,44
01,06,22,26,35,36,41
05,08,16,29,35,42,49
04,10,13,16,23,30,47
05,07,09,13,15,29,49
04,05,10,16,19,42,48
03,07,23,25,27,37,43
01,02,04,18,28,33,37
06,08,10,24,27,32,40
04,08,16,19,22,23,46
07,15,16,19,27,31,42
04,10,11,27,29,32,41
06,14,17,18,24,43,48
11,19,22,24,44,45,46
09,19,21,22,24,27,43
06,14,19,22,35,36,47
02,18,20,21,35,38,45
03,07,11,25,34,43,47
03,17,21,24,27,44,47
01,12,24,27,29,36,39
02,04,12,28,29,33,35
02,11,12,27,37,42,44
09,12,17,20,22,25,43
04,09,18,33,42,46,47
08,22,29,31,33,42,46
08,12,16,17,23,29,33
15,17,18,22,30,41,47
03,04,11,24,32,36,43
01,12,15,22,25,45,48
02,12,15,34,36,41,49
02,05,07,15,31,35,47
02,12,24,34,35,44,46
02,18,21,31,33,44,48
04,15,23,30,45,48,49
04,10,16,20,24,39,47
01,05,19,28,30,33,48
04,10,12,19,20,29,48
04,05,09,31,32,35,40
03,10,17,19,26,27,42
19,22,25,32,37,45,47
05,07,15,18,19,27,28
01,09,14,15,18,24,34
01,09,11,13,23,25,34
03,07,20,25,26,34,48
19,22,24,37,38,39,48
07,08,26,29,33,46,47
16,17,21,25,37,45,47
01,03,15,16,30,32,34
02,08,18,27,32,38,39
13,15,23,24,28,31,42
12,15,19,24,33,34,47
01,07,12,15,26,32,37
05,10,22,29,35,43,44
01,03,04,29,33,41,49
07,27,29,31,36,47,48
05,12,25,29,36,40,45
12,14,27,32,42,46,49
11,14,18,31,34,35,39
07,17,18,22,24,36,44
03,10,13,15,19,21,47
09,24,27,31,34,43,45
09,15,16,17,35,38,39
06,20,24,29,32,44,48
02,08,09,18,41,46,47
07,08,25,32,37,39,45
05,07,19,32,35,39,47
05,07,15,17,26,42,47
12,14,22,25,30,33,39
09,21,28,34,41,43,48
02,03,12,14,17,39,47
04,06,10,12,14,32,33
01,02,05,14,19,22,44
03,14,22,25,33,36,37
09,18,28,36,37,39,47
02,08,15,24,26,34,35
01,17,28,32,34,46,47
07,11,13,22,33,35,47
03,06,12,27,34,44,48
01,03,22,34,35,47,49
01,04,22,23,30,39,41
02,03,05,18,25,35,45
08,17,37,38,43,44,47
04,12,14,15,17,29,42
04,06,10,20,40,46,47
05,10,11,12,14,16,24
03,05,13,21,38,39,43
03,05,13,16,23,27,49
01,21,26,28,35,38,45
15,16,20,32,38,46,48
01,02,16,19,29,34,35
03,10,20,33,34,43,47
01,06,18,22,24,30,34
04,05,11,22,23,26,28
17,37,40,42,43,45,47
02,04,07,12,16,35,41
02,17,25,29,32,38,39
09,13,23,25,27,35,46
06,14,22,23,37,42,46
03,13,30,32,35,36,44
05,06,30,33,34,35,43
15,20,22,33,35,37,46
14,16,19,21,28,40,41
02,07,21,28,35,38,39
25,31,35,39,41,43,44
08,17,19,23,25,26,27
01,02,07,10,14,34,37
17,20,23,24,28,33,39
03,10,12,15,18,20,31
06,07,11,22,29,43,45
14,19,22,29,30,38,47
08,09,17,30,31,35,46
08,11,18,21,22,27,43
11,15,23,35,41,44,49
11,15,25,26,39,47,49
02,06,28,29,33,38,39
17,26,28,36,41,46,48
05,12,17,33,36,41,42
01,15,31,38,41,44,46
09,15,24,25,30,36,46
13,23,27,33,37,41,44
02,09,11,23,32,39,44
05,07,15,24,29,31,49
05,09,12,20,21,36,48
05,17,23,24,25,32,36
08,18,23,28,46,48,49
09,26,28,32,37,40,45
03,07,16,28,41,47,48
03,16,17,21,30,43,45
16,21,32,36,37,41,43
03,17,26,29,39,44,48
19,30,31,36,40,44,49
01,06,07,11,40,41,48
14,15,26,27,32,35,38
01,08,16,25,30,42,48
10,12,14,28,36,39,45
02,17,22,24,26,42,48
01,16,20,29,33,44,46
03,06,23,29,31,37,49
11,15,25,27,39,42,44
05,12,21,30,32,40,44
07,08,11,22,24,30,45
17,18,24,29,33,34,49
05,11,15,26,27,33,39
19,20,22,26,29,35,40
02,07,08,10,13,22,43
12,21,28,37,40,43,47
01,14,16,20,26,32,34
16,17,19,22,31,47,49
03,06,08,17,21,28,34
01,08,10,24,26,37,45
05,06,15,19,26,36,44
11,14,15,24,25,26,30
11,21,22,24,26,36,43
13,16,20,35,37,43,49
01,09,17,19,25,27,38
09,12,13,14,28,39,41
14,17,19,34,35,38,47
04,05,22,25,32,38,47
05,15,20,27,30,42,46
06,11,13,22,37,39,46
06,10,22,25,39,40,42
21,24,25,37,43,46,49
07,12,28,36,41,42,48
05,06,27,28,31,41,45
01,06,15,32,42,45,46
06,08,15,24,26,39,44
01,04,14,20,24,29,43
06,11,20,27,37,39,44
02,04,08,28,41,42,48
13,21,30,31,34,39,40
02,06,11,13,31,39,41
01,07,10,24,29,32,37
04,06,08,09,11,16,19
08,14,25,27,32,34,48
03,10,18,31,34,36,41
05,13,17,26,32,39,42
02,03,09,14,19,34,35
02,06,07,19,39,45,46
07,08,13,22,35,39,45
07,12,15,24,27,29,36
01,04,11,20,39,40,43
04,06,25,32,37,46,48
03,11,13,14,17,27,35
16,20,27,30,31,43,48
02,03,04,16,18,23,43
07,13,15,20,32,42,44
06,09,16,17,18,38,42
03,19,24,32,40,42,45
03,05,09,22,27,34,38
03,08,16,26,28,39,47
09,19,20,23,26,34,46
02,04,06,28,29,34,39
16,17,20,26,33,37,41
02,10,13,15,17,39,42
02,13,16,19,24,34,45
09,17,27,30,31,34,42
02,05,09,14,25,27,48
02,09,11,17,18,21,42
09,15,16,20,23,42,44
11,18,21,23,25,37,46
04,18,35,36,41,44,48
02,03,07,18,21,28,42
05,08,09,12,16,17,19
06,10,22,23,37,40,41
02,04,08,28,32,36,46
01,14,22,24,26,41,48
01,07,14,15,32,42,44
10,16,18,20,36,45,46
02,03,13,22,34,37,40
07,20,21,26,31,34,37
03,10,13,14,26,27,48
14,15,21,25,29,37,47
05,16,30,37,38,47,48
08,11,24,43,44,47,48
04,14,24,41,42,44,48
15,27,30,35,37,39,48
15,16,25,26,32,33,44
03,09,13,25,34,36,44
01,06,10,43,45,46,49
12,13,16,20,21,27,49
01,07,10,12,26,28,37
04,17,23,34,43,47,48
02,10,25,33,39,45,49
04,10,16,17,28,36,43
06,09,22,23,36,38,47
13,23,24,30,34,41,44
03,14,17,18,19,20,41
02,11,20,22,33,40,43
19,20,26,31,34,39,48
06,07,08,09,17,23,30
04,09,14,27,33,36,48
03,07,15,24,25,35,44
01,12,19,24,25,39,44
05,11,30,32,36,41,43
05,08,10,22,23,36,40
01,08,15,21,22,24,42
21,34,36,37,45,48,49
01,10,14,17,19,20,42
08,09,18,34,36,48,49
01,14,15,20,25,32,43
07,10,18,22,24,27,45
07,09,10,11,14,27,41
02,10,14,32,36,43,44
06,14,25,31,36,37,48
04,12,14,22,24,30,48
07,09,15,16,18,21,48
09,13,15,17,36,39,40
12,15,18,30,32,33,46
07,17,19,29,39,40,42
02,22,34,35,37,41,47
01,08,14,17,23,32,41
05,10,17,18,25,31,46
02,22,27,32,35,39,44
03,12,13,15,20,26,29
01,10,18,22,33,45,48
07,13,20,30,33,38,47
04,08,31,33,39,40,47
07,09,22,29,34,37,45
04,08,26,35,41,46,47
06,15,22,27,30,37,39
02,03,09,17,27,40,41
03,14,19,31,39,42,49
03,04,06,23,24,42,44
05,11,14,17,28,41,47
02,08,18,20,32,38,46
10,21,25,33,35,41,42
12,18,21,22,32,35,49
07,22,24,25,38,39,40
04,07,09,15,26,37,49
04,06,07,24,28,33,40
05,08,15,24,31,38,46
02,08,17,35,36,40,46
03,04,11,20,21,35,39
16,22,31,33,36,37,47
12,14,15,19,24,27,42
02,13,24,32,34,36,40
04,09,14,16,17,26,39
04,07,09,13,16,26,37
01,02,20,21,32,41,44
01,16,23,30,43,47,49
04,06,08,14,16,37,46
02,04,07,25,34,37,49
11,19,26,30,35,40,49
02,03,10,23,27,30,44
08,18,24,30,32,41,45
12,13,19,29,35,44,47
08,09,22,24,35,39,43
20,21,22,34,42,43,45
12,13,26,39,43,44,48
21,24,30,36,37,39,40
11,16,29,30,36,44,45
03,10,16,19,22,34,37
02,03,08,14,17,22,43
07,16,17,25,27,30,40
12,17,27,30,32,36,38
03,05,14,19,27,31,32
02,03,24,25,26,33,47
04,11,16,18,20,22,42
10,11,17,22,24,30,44
18,21,27,31,37,43,44
01,16,25,32,33,44,47
05,06,17,18,21,34,40
07,26,27,31,32,33,42
07,08,17,18,36,37,45
02,04,07,11,15,27,32
03,23,25,27,38,42,44
02,06,13,24,25,27,37
05,12,18,24,27,28,48
02,16,18,21,23,24,41
10,11,17,25,30,41,46
13,15,21,24,25,36,48
06,10,13,14,25,41,46
05,08,09,12,22,39,45
03,04,07,23,36,37,46
18,29,30,32,39,42,43
04,11,17,30,38,44,46
13,19,26,36,43,46,48
13,15,17,21,25,29,45
06,11,14,15,21,33,38
06,13,21,31,35,38,48
15,16,17,27,29,38,41
02,12,21,29,38,48,49
03,07,14,27,40,45,48
12,17,22,35,38,42,47
10,23,29,31,32,39,48
04,05,06,19,22,24,41
04,11,16,18,25,29,36
11,14,19,29,33,42,47
02,03,05,36,37,38,42
11,15,19,34,43,48,49
03,05,14,21,29,33,47
05,12,13,25,26,37,40
14,29,31,41,43,45,49
01,13,14,15,20,29,36
22,24,27,30,37,47,49
07,22,25,30,40,44,49
02,17,19,20,23,34,36
04,06,11,12,18,33,44
11,17,38,40,42,45,49
06,10,19,20,24,25,39
04,07,10,12,27,36,38
10,12,21,25,31,35,37
10,16,27,29,33,39,42
06,16,20,21,22,41,45
02,09,25,30,33,48,49
12,19,22,28,29,39,42
04,09,10,14,24,27,48
01,07,13,21,28,44,48
06,20,28,29,30,31,46
11,13,15,17,23,29,37
03,10,13,17,38,40,48
05,16,18,19,25,28,45
06,07,09,10,26,32,38
13,17,18,30,34,39,43
21,22,29,32,36,37,38
03,08,10,19,24,35,38
10,11,26,31,36,45,48
03,10,15,38,41,48,49
14,21,24,35,38,40,49
10,14,15,21,32,45,48
05,17,29,42,46,47,48
01,03,14,23,32,33,44
04,05,07,08,19,24,31
05,06,16,24,39,40,42
01,05,10,15,23,34,35
03,12,13,15,24,33,41
03,12,15,28,42,47,49
09,10,12,13,18,40,49
02,05,11,13,24,29,43
02,16,17,38,39,42,44
24,26,37,41,42,44,49
07,12,28,34,45,46,48
04,06,13,18,26,39,45
04,15,22,26,34,40,45
07,13,16,21,31,36,40
14,16,19,41,42,44,47
07,09,31,41,43,45,48
05,17,24,25,41,45,48
07,08,11,20,27,31,43
07,08,11,36,45,47,48
07,12,20,29,36,39,45
05,07,10,32,33,35,43
08,12,15,16,20,31,37
19,40,41,44,47,48,49
09,12,15,24,31,33,34
08,15,24,25,27,36,43
14,29,37,38,44,47,48
09,21,22,26,28,36,38
03,09,11,16,34,39,43
03,07,08,19,20,35,39
01,03,22,34,41,47,49
04,08,09,20,23,45,46
12,21,28,34,36,45,48
07,11,19,38,40,41,42
01,10,12,20,29,35,47
01,03,10,17,20,30,47
27,31,35,39,44,47,49
06,12,18,22,24,41,43
06,08,14,16,41,44,49
10,13,15,17,22,38,48
04,13,18,33,38,44,48
02,03,09,31,36,41,46
05,08,18,28,37,43,49
01,06,11,23,39,44,47
08,12,13,24,26,30,38
11,15,19,24,32,43,45
03,06,15,21,29,32,40
08,14,21,24,27,38,49
01,12,23,24,27,42,47
07,17,31,36,38,48,49
19,24,27,30,32,45,49
04,14,30,32,37,44,47
04,09,16,22,27,29,35
07,11,21,37,38,41,43
06,08,29,37,42,45,48
02,06,20,22,24,25,45
01,05,11,18,41,46,48
02,04,12,24,34,39,42
02,11,19,38,43,45,49
05,09,23,24,32,33,34
18,23,24,27,39,43,45
10,14,15,32,37,41,45
02,07,18,19,36,37,45
04,09,11,21,26,35,45
02,10,13,18,31,40,44
01,17,20,24,41,47,48
03,11,24,29,32,40,41
02,03,13,21,31,37,44
09,10,11,14,16,26,27
10,20,21,31,33,41,48
03,04,05,12,15,23,31
02,07,12,28,29,38,48
02,09,13,21,28,30,31
06,17,22,27,29,37,47
02,03,16,24,27,35,43
04,13,20,29,33,34,47
04,08,14,18,19,32,49
09,14,19,21,31,32,40
08,11,14,23,26,42,47
10,12,24,26,34,43,47
01,07,15,18,21,30,45
12,14,20,33,35,37,48
02,04,09,15,33,35,38
08,13,16,18,30,35,40
02,08,20,21,26,31,33
01,13,15,17,20,21,43
01,23,28,33,40,43,45
10,15,30,33,38,39,41
03,05,08,10,25,26,36
03,05,15,18,26,35,45
03,07,12,13,14,42,48
04,15,23,26,34,45,46
03,10,11,38,39,44,48
03,14,35,39,43,46,49
04,18,28,29,40,44,49
04,12,19,20,26,28,36
03,10,11,18,34,41,44
01,17,20,30,34,48,49
01,07,10,13,29,42,48
03,16,19,20,24,32,42
02,04,15,17,20,31,34
01,25,31,36,37,40,41
01,05,07,10,16,26,41
14,15,17,35,44,45,47
02,16,17,18,42,43,47
02,12,13,14,22,23,42
02,07,11,16,30,31,48
05,07,12,21,22,37,49
13,16,17,21,35,40,46
02,13,23,29,34,42,44
03,06,27,34,35,36,48
05,10,17,21,27,31,46
07,09,29,32,33,48,49
02,03,05,11,17,19,42
11,29,31,44,45,47,48
10,22,25,32,35,36,42
16,23,31,37,40,42,48
21,22,27,30,39,42,44
09,15,17,19,28,45,49
08,09,21,29,42,46,48
07,08,15,19,36,37,41
02,04,05,17,29,39,41
03,13,15,22,33,41,49
01,15,17,25,34,40,41
05,13,20,37,39,40,41
05,08,19,28,33,40,46
13,19,24,29,35,36,40
06,11,18,21,34,36,44
02,05,27,32,35,42,46
02,04,11,19,28,29,38
23,24,29,36,42,43,49
04,10,14,16,20,30,34
04,06,07,18,31,33,49
14,16,17,19,38,39,46
03,04,15,26,27,42,49
11,22,30,31,39,47,49
01,05,23,29,32,43,47
04,06,12,22,28,32,45
01,09,12,17,18,29,42
12,15,16,20,25,26,40
03,05,11,15,16,23,43
05,08,16,18,25,26,27
07,08,13,14,25,41,42
02,06,19,21,28,35,38
02,04,13,24,29,37,42
01,06,18,19,26,44,49
07,13,22,29,42,44,47
12,21,22,27,30,36,39
13,19,28,39,41,48,49
03,05,13,26,27,41,43
08,11,12,13,21,29,34
04,10,14,16,26,37,38
07,09,11,12,21,47,49
09,13,25,27,33,43,48
03,06,07,19,22,29,41
01,03,19,24,34,39,44
01,06,22,30,31,32,40
02,03,11,21,34,35,44
10,19,20,26,30,36,38
05,23,24,25,28,37,42
01,09,13,19,24,25,48
12,14,23,25,31,38,40
04,26,27,31,32,39,47
05,09,19,29,31,40,45
01,18,19,22,44,45,48
20,21,30,33,37,40,46
03,07,09,24,30,31,49
15,22,24,30,36,39,44
01,15,23,35,43,44,45
02,13,20,24,33,36,47
02,09,20,22,27,33,47
05,07,13,16,25,44,46
03,05,19,20,23,33,45
13,14,26,32,36,40,47
01,03,04,22,29,36,45
01,02,03,11,13,26,27
07,14,27,28,35,42,45
05,11,12,19,25,45,46
13,15,23,30,36,40,44
11,12,24,29,30,38,46
03,07,09,14,27,30,31
02,03,11,19,30,37,38
09,12,13,17,24,38,42
02,05,07,17,38,40,49
03,11,16,17,26,28,32
04,07,15,16,27,28,36
01,06,30,40,46,47,49
02,04,07,10,17,27,41
04,16,29,31,35,37,38
07,11,25,26,30,32,37
04,09,14,16,28,45,46
02,08,10,15,39,43,49
13,19,25,28,30,38,41
01,24,25,28,30,37,39
03,07,13,30,42,46,48
10,17,20,22,26,32,40
02,19,23,27,29,48,49
11,14,19,26,32,41,47
08,27,32,34,36,37,38
02,04,16,23,30,32,46
01,18,35,41,44,47,49
05,08,11,24,29,40,43
07,14,15,16,21,30,41
04,07,11,19,34,38,48
02,10,13,16,30,33,48
06,11,13,14,35,37,49
05,22,24,25,30,39,42
01,02,22,28,30,44,45
07,11,14,16,22,35,46
02,04,18,24,27,43,44
10,18,20,22,29,33,48
03,07,11,16,43,46,48
15,17,22,28,34,42,48
17,21,23,33,40,44,47
03,12,27,33,37,42,49
05,09,14,22,34,35,38
02,17,30,42,43,45,49
05,06,08,33,38,44,47
07,11,28,31,34,39,42
05,12,28,31,33,34,44
03,05,13,14,24,35,41
15,18,19,36,39,45,46
02,08,16,32,34,39,44
01,11,12,15,16,27,29
10,19,20,27,35,44,47
02,08,11,15,16,20,28
08,09,11,15,26,35,37
03,09,15,18,39,42,45
03,07,09,27,32,38,41
06,11,15,16,23,30,40
02,05,06,14,30,43,48
06,07,08,26,28,34,43
07,27,28,39,43,45,46
15,27,30,31,33,43,44
07,11,27,33,43,45,46
01,05,09,25,27,33,37
06,27,34,35,36,42,49
06,14,19,22,33,35,46
03,08,14,16,37,38,49
04,10,14,22,24,26,47
01,05,14,30,31,36,37
06,11,12,20,27,37,48
02,14,17,19,23,24,41
07,08,11,18,28,48,49
06,13,19,21,24,27,39
02,11,23,28,31,43,44
03,05,08,13,23,35,49
02,08,11,27,37,40,41
09,12,14,18,19,38,43
03,10,29,31,33,42,49
06,22,27,34,38,40,47
12,31,32,34,35,38,48
05,12,20,24,25,30,34
01,08,21,30,36,45,49
07,09,11,16,25,30,35
01,30,38,39,44,45,47
05,08,20,21,31,36,42
05,07,11,31,32,40,48
09,16,23,25,32,39,41
06,15,32,35,42,44,48
13,24,26,27,29,40,49
05,14,20,26,28,43,49
12,21,22,23,31,35,38
12,18,24,25,31,43,49
01,09,12,20,32,38,41
05,09,15,38,39,41,42
02,05,10,18,19,29,43
09,18,28,38,43,44,48
06,08,13,20,24,25,30
12,19,32,33,37,46,49
01,06,14,16,22,24,32
11,14,16,17,22,32,47
04,21,22,26,36,37,38
04,05,10,17,21,31,48
07,29,38,39,40,42,47
12,16,24,27,30,42,46
08,18,20,24,29,35,38
04,14,16,25,26,36,45
04,06,11,19,30,38,49
07,08,24,38,43,45,46
09,12,14,21,31,34,35
12,14,15,17,18,24,38
05,16,17,25,29,34,42
13,16,19,24,38,39,42
04,05,09,28,42,45,46
08,33,36,41,46,47,49
01,03,14,17,22,48,49
12,13,19,24,34,40,43
09,12,22,33,42,46,49
05,13,20,24,37,39,46
09,12,14,18,31,42,43
12,15,19,20,34,43,48
02,04,17,35,39,47,49
09,13,15,18,20,37,44
01,15,18,24,26,34,43
03,06,22,25,41,43,49
03,07,11,12,14,23,44
06,08,19,22,29,31,44
02,05,06,15,19,24,48
02,03,08,09,13,22,29
09,10,11,19,25,38,48
06,09,14,18,41,42,44
01,22,23,29,34,37,44
07,09,17,20,23,34,41
10,12,20,28,31,35,43
05,08,14,17,24,44,45
01,04,21,24,29,30,46
02,07,15,21,24,32,35
17,22,25,33,34,41,48
10,20,23,26,36,40,47
12,14,18,28,40,41,48
02,09,18,20,30,39,43
01,15,17,34,35,39,44
03,07,13,31,32,36,45
03,06,13,20,42,45,49
11,13,14,15,17,42,45
01,03,26,29,32,35,40
02,23,26,30,37,43,45
03,05,07,24,27,35,49
05,06,17,22,28,40,46
04,08,11,28,33,43,49
01,08,15,18,26,36,37
13,25,28,29,38,40,48
07,16,22,28,42,43,45
12,15,18,29,37,46,47
02,09,12,22,32,37,38
05,06,08,19,25,27,28
01,03,14,17,22,43,49
16,19,20,21,25,33,47
07,12,19,20,38,44,48
04,06,09,24,26,45,47
06,15,25,29,36,42,45
24,26,31,33,34,39,48
20,24,31,39,40,41,47
07,17,18,20,27,37,39
02,08,20,24,25,32,43
07,17,22,31,37,38,39
01,06,11,15,28,33,44
12,14,18,23,29,30,35
13,16,30,34,43,48,49
16,23,24,25,40,46,47
05,08,24,27,32,42,45
02,17,21,24,44,46,48
19,28,30,33,34,35,36
07,16,34,36,37,42,43
01,10,12,28,31,38,49
15,20,28,31,38,43,49
01,11,13,14,16,28,42
02,05,13,14,25,35,39
03,04,20,21,26,32,45
02,04,20,34,35,37,41
15,16,27,35,40,48,49
11,20,21,28,29,37,40
05,11,20,21,23,27,48
06,07,19,20,26,32,41
08,14,30,34,41,48,49
02,06,07,11,28,36,43
02,32,37,38,41,45,49
01,02,21,26,34,35,45
04,17,24,30,35,44,47
15,25,27,30,35,41,47
08,10,22,37,38,46,47
01,13,27,34,36,45,46
05,16,22,27,35,38,47
03,19,31,32,36,40,47
03,04,11,18,29,45,47
01,07,17,27,32,44,48
02,04,09,11,15,30,36
08,11,20,24,39,42,48
02,05,14,32,37,45,46
02,08,09,13,17,24,33
02,04,09,10,24,29,47
05,18,29,33,39,41,46
02,11,23,35,40,44,46
03,15,27,31,45,47,48
16,22,26,35,39,42,43
06,07,14,19,27,30,32
04,16,19,28,34,35,48
07,13,36,37,40,41,43
02,10,34,38,39,41,48
01,19,20,30,31,33,48
08,11,13,20,24,45,47
06,18,20,37,40,44,46
06,12,15,16,34,37,42
05,12,17,25,26,29,44
02,11,25,26,30,37,49
04,07,13,17,19,26,42
04,05,19,32,33,36,39
01,06,07,29,37,41,49
04,18,19,24,30,31,45
03,37,38,40,42,43,46
02,10,12,32,39,40,48
10,12,22,33,38,41,42
07,11,14,15,19,30,41
07,08,16,18,24,25,46
10,11,23,28,32,34,41
03,07,15,23,29,31,45
07,10,16,35,36,42,45
02,21,26,29,30,35,38
04,14,17,19,21,33,38
02,08,10,15,17,20,24
02,08,09,10,24,26,41
04,12,16,27,37,39,44
26,34,38,41,46,48,49
06,09,18,22,25,32,44
01,05,07,13,14,33,46
11,26,28,30,32,35,45
01,02,11,27,34,37,48
10,15,21,28,32,36,37
01,14,15,18,26,42,48
06,29,30,31,36,42,45
04,13,25,26,27,37,40
19,25,26,27,28,44,46
08,09,14,20,33,41,45
08,11,13,18,28,42,45
02,17,20,23,29,33,47
01,04,18,20,30,43,44
13,23,24,29,30,39,45
13,24,28,30,35,38,43
03,04,11,16,31,41,48
13,15,27,38,41,48,49
09,12,14,16,22,30,31
04,24,26,28,30,35,41
08,16,18,27,28,37,46
03,07,12,18,31,33,35
05,13,26,27,39,45,48
05,22,24,26,30,43,49
08,09,14,19,28,31,46
15,20,29,39,40,43,46
03,06,13,17,22,25,43
02,14,30,34,38,47,48
10,14,15,16,42,45,48
03,04,07,12,17,26,34
02,07,10,11,21,26,47
07,12,14,33,37,40,41
06,18,19,26,37,39,47
02,05,07,13,15,30,38
01,03,06,08,14,20,30
03,12,25,30,42,44,45
08,27,30,32,34,35,42
18,19,32,36,38,40,43
05,13,18,28,31,38,44
07,15,24,25,27,43,47
02,03,05,18,37,38,46
04,07,08,10,16,20,36
05,06,08,13,24,37,46
03,08,11,20,28,36,38
05,15,21,26,34,39,47
01,04,20,24,28,43,47
04,19,23,32,43,46,48
02,04,18,27,28,31,45
04,07,11,13,41,43,49
02,05,12,19,21,22,37
08,20,28,34,36,37,39
01,23,26,33,35,38,42
03,04,05,14,29,34,49
10,17,18,21,27,30,47
13,16,22,26,35,36,39
09,16,17,27,32,38,47
06,09,16,19,20,24,30
01,02,05,10,11,25,34
07,09,24,30,35,42,43
01,03,16,33,34,40,42
01,06,10,16,18,21,31
05,10,11,20,26,38,46
04,06,07,16,18,40,46
12,17,32,36,43,44,49
12,16,24,29,36,40,47
03,05,17,30,36,47,49
02,05,10,11,23,25,31
03,11,16,24,31,39,43
12,13,16,30,32,35,37
05,07,29,35,39,41,49
03,04,14,19,24,41,48
03,09,10,16,25,38,46
11,14,15,22,24,28,35
11,16,17,20,37,41,48
01,02,11,15,25,36,46
01,12,16,28,36,43,49
09,11,17,25,34,41,49
06,15,18,19,25,44,46
01,28,30,37,43,45,47
01,04,06,08,23,25,33
03,09,24,25,28,36,40
09,16,24,30,39,40,45
01,03,14,33,35,39,45
19,30,33,34,36,41,48
08,15,16,21,31,37,39
01,02,04,21,23,35,40
03,04,05,07,31,33,40
03,08,15,21,22,39,46
01,02,06,24,27,34,38
03,22,25,37,38,41,48
15,18,19,31,32,40,48
07,19,22,23,24,25,32
06,08,12,14,18,36,49
02,18,20,31,35,37,46
05,24,35,40,41,44,47
23,24,34,40,41,48,49
06,16,33,39,41,46,47
13,14,16,32,33,41,46
08,09,20,28,33,43,44
04,05,09,12,19,30,37
01,18,27,38,45,47,48
01,16,22,24,35,42,43
10,11,13,15,16,29,42
11,19,29,35,38,45,47
06,12,16,30,31,37,45
05,07,10,18,20,29,35
03,11,18,19,35,36,44
04,11,12,28,31,33,35
07,08,16,21,33,35,37
02,10,13,15,31,44,46
03,17,21,22,23,29,44
12,14,17,18,23,33,38
02,05,17,29,34,40,48
01,05,06,14,26,31,43
01,03,20,23,35,36,39
03,07,10,13,19,28,33
03,04,06,10,23,34,41
01,05,11,14,27,31,40
07,13,20,23,35,41,44
10,23,26,37,39,40,45
03,04,06,08,09,33,48
01,04,06,10,23,41,49
02,06,08,19,21,23,34
06,12,21,26,33,45,49
12,13,22,27,32,35,37
04,10,14,26,35,39,49
04,06,12,16,18,38,41
10,22,25,28,37,40,45
01,03,18,20,41,42,44
05,14,15,26,30,39,47
11,20,33,34,35,36,39
01,09,25,27,31,36,43
06,09,13,33,40,42,47
01,13,14,26,31,37,39
02,15,21,38,41,44,45
12,19,21,23,28,30,36
09,12,17,27,32,39,46
01,06,07,16,22,31,33
05,07,26,28,29,38,46
10,21,34,36,39,44,48
07,15,26,28,34,37,42
03,07,08,32,37,39,48
02,05,13,23,25,42,47
02,04,05,11,16,20,46
01,04,12,24,45,48,49
04,13,19,34,35,45,47
02,19,27,29,36,40,43
02,03,09,11,32,43,49
10,13,16,17,18,32,45
03,08,17,29,33,37,49
01,24,27,29,36,42,48
02,07,17,25,29,42,46
14,21,25,27,29,36,46
02,13,20,29,32,37,46
03,23,35,38,41,42,49
02,03,06,14,20,40,41
04,06,11,12,21,29,37
08,11,16,28,29,37,46
12,16,18,24,26,42,43
04,16,23,26,32,36,43
04,12,18,20,24,30,46
10,12,16,22,23,39,42
10,19,21,26,36,45,47
09,11,18,24,37,38,45
01,07,11,27,31,33,35
01,02,05,07,20,29,31
01,10,16,26,31,33,36
01,02,07,15,23,29,40
04,07,20,22,26,28,29
13,19,22,25,27,28,32
06,22,25,31,41,47,48
08,11,16,17,28,32,42
06,08,10,21,24,26,38
02,10,15,20,21,35,48
01,06,15,22,37,47,49
12,21,25,27,32,33,40
10,11,12,18,41,46,47
01,04,09,30,34,36,41
01,09,32,34,43,47,49
05,10,18,20,21,23,38
06,08,13,33,36,41,43
19,22,24,25,26,41,43
06,13,17,20,28,31,42
05,21,25,35,39,43,45
09,18,20,28,33,35,44
14,17,26,33,36,39,48
03,05,08,20,21,46,49
09,19,24,33,45,48,49
05,06,15,17,26,33,49
01,10,16,23,29,35,39
03,08,20,29,30,42,49
02,03,07,26,32,34,49
14,18,22,27,39,43,46
05,14,17,21,39,42,47
02,03,06,28,35,43,47
03,06,08,11,14,26,31
06,08,11,13,27,38,49
12,17,20,22,35,41,43
06,08,11,16,17,19,24
01,03,17,28,29,37,49
10,15,19,21,24,28,30
13,19,37,38,40,43,48
06,10,16,27,38,40,45
07,10,15,23,30,36,44
04,09,18,32,35,38,40
03,06,07,20,22,31,34
01,10,17,18,24,28,32
04,09,34,35,40,41,43
07,21,37,38,40,48,49
05,15,26,29,31,40,46
02,05,16,24,27,29,45
07,15,18,28,31,36,47
06,25,26,37,40,47,48
04,14,16,23,30,31,40
06,08,19,23,26,37,44
14,16,21,22,26,38,47
09,16,19,29,33,37,40
12,28,31,38,40,41,45
02,03,06,15,22,26,35
09,14,15,17,23,35,48
07,16,31,35,39,44,48
01,06,09,11,17,37,39
02,13,18,24,27,37,43
02,04,12,17,18,41,43
12,14,25,37,40,41,45
03,18,27,35,42,43,45
01,03,07,12,18,46,48
01,02,18,23,35,43,47
03,09,21,28,40,47,48
02,04,06,09,17,30,44
02,09,10,19,32,34,48
11,13,16,26,30,48,49
08,12,16,17,35,39,44
03,09,10,20,24,40,42
01,08,18,20,23,33,47
06,18,29,34,35,39,46
01,04,09,10,15,17,27
02,15,21,23,24,30,32
04,07,10,18,38,42,45
09,17,20,27,36,38,42
04,08,14,20,32,33,41
07,10,11,27,36,44,47
02,06,22,28,38,42,47
01,06,07,11,25,27,35
18,20,21,31,35,37,40
02,03,08,16,24,41,47
01,08,17,21,25,32,43
03,08,34,36,40,44,47
04,05,08,16,21,29,37
01,18,25,28,35,44,48
04,06,12,13,23,33,46
02,19,23,34,43,46,49
07,19,22,25,41,45,47
03,05,20,26,29,36,43
03,09,12,15,20,33,40
01,04,08,10,20,23,41
10,20,24,25,27,33,41
02,03,09,10,17,32,34
04,11,21,22,26,27,32
03,06,11,20,24,31,43
04,15,19,22,26,38,41
10,20,21,26,43,48,49
11,12,20,23,25,37,49
11,14,17,20,21,35,49
14,15,17,28,34,44,49
04,11,21,24,39,40,41
04,18,26,27,34,45,49
06,08,11,13,22,32,36
03,05,25,27,34,39,44
01,02,03,10,28,30,44
05,07,08,16,38,39,46
07,12,16,27,37,39,47
01,12,13,21,33,40,44
06,16,24,32,36,45,47
07,28,33,34,38,43,45
06,08,13,30,32,35,36
04,06,09,19,32,34,35
15,22,27,38,42,46,48
09,10,24,30,43,44,48
10,14,20,28,37,47,48
10,17,18,29,30,35,46
08,09,15,22,35,38,43
03,07,08,35,37,46,49
04,08,20,26,41,42,45
07,11,17,20,29,34,36
11,28,30,31,33,34,49
12,16,21,22,30,35,48
02,08,14,20,28,38,49
04,07,20,31,34,39,48
05,07,09,22,34,36,40
01,07,17,19,24,26,40
06,09,11,16,23,34,42
08,11,13,27,28,38,40
02,03,14,20,37,41,43
04,14,20,32,39,43,47
02,06,23,24,37,44,49
01,13,17,23,24,35,47
06,10,11,16,28,29,39
07,08,13,14,27,33,48
02,03,10,20,21,26,36
16,19,23,27,29,43,44
03,05,19,25,37,38,42
01,21,24,26,32,34,40
03,18,20,23,25,27,34
03,04,11,18,37,42,44
03,07,11,21,32,39,49
02,26,31,36,39,40,47
05,06,22,31,40,42,49
03,05,09,18,25,29,40
05,09,12,14,22,27,41
01,13,16,18,20,23,41
03,18,21,24,35,36,41
04,05,07,08,10,12,15
09,11,17,21,23,38,48
04,10,11,16,18,21,47
05,08,18,20,23,40,43
08,14,16,28,30,40,44
08,14,16,21,40,47,48
05,25,26,34,38,42,43
07,10,20,33,35,42,44
15,22,23,27,31,40,43
10,16,20,34,35,41,48
04,08,10,16,36,39,41
01,15,27,30,32,38,41
02,07,13,31,37,42,46
03,06,19,31,34,42,45
15,17,22,29,31,33,34
12,20,24,27,33,35,40
04,05,12,18,32,36,38
16,18,20,21,30,46,47
04,12,19,25,28,36,38
02,03,08,16,20,22,43
07,08,21,26,30,33,42
16,17,30,38,45,47,48
04,05,21,22,23,28,34
01,06,13,20,31,34,35
02,24,35,38,39,41,48
02,07,09,12,18,24,31
01,02,08,25,30,36,37
01,03,10,15,25,28,31
07,08,10,15,24,26,41
11,12,16,22,30,32,49
03,07,13,16,34,37,43
20,25,30,33,34,39,42
15,19,22,27,33,36,45
06,19,22,27,30,34,44
02,08,13,15,27,33,42
08,12,16,23,24,25,48
06,10,12,16,17,43,46
04,13,15,26,35,45,49
07,09,10,13,26,39,42
03,08,24,25,31,34,43
14,20,22,28,37,44,48
09,12,17,20,29,40,49
02,13,16,18,19,42,43
17,25,30,32,38,39,48
08,09,13,14,18,38,41
01,14,17,34,35,42,48
14,20,24,30,32,42,47
03,16,22,24,27,30,31
15,20,26,30,35,36,46
03,21,26,31,35,42,46
13,16,24,29,33,40,49
04,09,15,20,21,45,46
03,14,16,25,31,33,41
01,03,10,17,18,44,46
09,18,19,24,36,45,46
03,13,16,24,38,39,43
03,04,07,08,39,43,45
06,09,11,39,40,44,45
02,12,17,20,23,36,48
05,06,13,15,16,34,46
21,26,31,33,40,42,44
10,26,28,33,34,35,40
04,19,23,24,32,47,49
13,17,23,28,32,35,37
07,08,09,16,21,28,48
12,16,19,20,28,34,42
10,11,18,24,26,42,47
02,14,15,24,40,43,44
02,06,12,15,16,22,49
01,07,23,36,37,39,41
06,19,20,25,31,35,36
05,06,10,17,22,36,48
02,06,20,22,30,34,49
06,15,19,26,43,44,49
02,09,23,29,30,34,43
05,09,12,18,24,35,42
03,17,19,20,34,35,43
14,16,17,36,45,46,48
05,12,15,39,44,46,49
11,18,26,31,35,43,46
01,08,17,18,21,32,49
02,07,15,38,43,44,47
02,09,12,13,27,28,36
02,12,15,18,21,22,25
05,19,24,34,35,38,43
05,07,10,15,22,45,47
02,06,10,16,36,39,43
02,03,08,11,15,39,42
09,19,21,24,39,43,48
08,18,21,27,33,46,49
03,10,19,21,27,35,36
04,06,21,26,30,34,35
10,13,15,18,25,36,47
02,03,08,20,28,31,34
03,06,37,40,42,44,48
02,14,15,17,24,38,40
08,11,12,13,22,33,47
07,12,16,19,21,24,47
09,16,17,19,22,41,43
09,15,17,28,35,39,41
01,02,05,06,38,39,46
05,12,24,31,39,45,49
14,23,24,25,28,41,45
03,08,13,30,38,45,47
05,09,10,32,37,44,46
01,18,19,29,31,32,46
08,16,17,28,32,34,47
02,25,26,37,39,48,49
03,06,16,23,27,28,34
01,09,25,28,32,41,48
07,08,17,18,20,40,41
02,10,15,17,34,40,47
03,10,21,27,30,33,44
03,06,10,33,39,48,49
05,11,22,29,38,42,49
03,10,13,23,31,41,45
03,12,17,22,36,44,45
12,17,18,32,42,46,47
04,10,15,16,30,39,42
04,06,11,14,27,37,39
03,14,16,25,29,30,37
11,19,30,35,40,41,48
02,04,09,16,29,31,39
10,27,28,29,30,42,44
09,14,15,32,34,35,44
07,19,32,37,38,47,49
02,06,18,20,22,35,41
15,20,22,25,37,45,46
01,09,15,22,37,39,49
01,03,26,28,36,44,49
01,03,11,14,16,31,45
06,08,10,17,28,29,38
03,05,07,13,39,47,48
06,13,20,35,42,43,49
01,05,09,19,27,35,48
08,09,11,22,24,42,46
01,02,05,26,29,36,47
05,07,08,09,17,40,42
04,11,21,22,35,36,45
23,27,32,34,35,41,42
05,07,08,10,20,46,49
01,08,15,17,22,25,38
08,11,14,26,33,34,36
01,11,16,22,23,30,40
05,16,29,34,37,38,47
01,20,22,32,35,42,44
03,11,21,23,26,36,38
01,03,14,31,39,43,47
04,25,27,29,38,40,49
06,07,11,12,17,29,45
05,11,17,23,24,35,39
04,06,37,42,44,45,48
08,13,20,23,37,38,45
06,14,24,26,28,36,47
05,13,16,18,21,43,44
03,18,21,24,29,37,47
06,14,15,21,27,30,46
04,07,12,13,19,24,39
02,14,15,31,33,45,48
13,18,21,23,27,44,46
06,13,15,36,39,41,49
15,27,37,40,41,42,44
01,08,10,17,19,25,48
01,08,18,29,30,31,47
09,24,34,39,43,44,45
14,20,24,25,35,44,49
09,12,21,26,31,38,47
03,12,15,17,33,42,49
04,06,24,31,40,41,49
08,10,31,35,40,46,48
14,15,28,33,39,47,49
04,06,09,10,32,42,45
10,11,12,14,19,23,41
04,12,13,25,35,40,45
09,11,14,15,28,35,47
01,04,08,13,30,34,46
02,10,11,15,20,21,22
04,06,25,35,39,44,46
05,17,27,30,33,38,42
01,03,18,21,30,41,47
04,07,15,18,27,30,34
08,12,24,33,38,44,45
03,29,30,32,41,43,45
01,14,17,21,27,43,45
06,17,22,30,33,40,46
02,10,17,33,34,39,49
01,04,06,07,08,16,35
03,04,20,25,30,35,48
02,08,22,35,41,47,48
07,22,24,25,32,42,44
02,11,12,20,31,36,47
12,13,17,18,24,35,43
06,09,10,13,14,24,48
03,11,13,14,30,39,48
15,18,22,24,32,38,49
01,04,14,21,32,48,49
06,21,22,26,42,43,46
09,17,23,39,40,41,46
12,16,17,20,23,36,43
10,21,36,37,44,46,47
01,19,20,32,33,45,46
03,12,23,24,37,42,44
07,08,27,33,38,39,49
16,17,19,23,24,39,43
15,24,25,30,37,44,49
11,13,16,17,18,23,45
06,09,17,19,38,44,45
03,07,08,14,17,28,37
04,19,26,33,34,45,47
07,08,12,16,39,44,47
01,15,31,37,41,42,46
04,18,21,22,35,43,45
04,10,13,20,39,41,45
21,29,32,35,36,44,49
08,12,17,21,27,36,41
11,26,32,38,39,42,49
03,12,35,38,39,41,47
01,22,23,28,34,41,46
07,08,10,24,26,38,49
06,10,28,31,37,38,39
04,10,12,28,32,34,41
05,06,08,23,37,47,48
11,14,18,27,36,45,47
03,04,23,28,30,33,34
07,08,11,16,30,32,47
11,23,27,28,29,34,49
04,05,11,25,32,46,47
10,12,15,17,21,24,29
01,05,07,21,24,29,49
12,15,17,39,42,44,48
05,20,29,31,37,42,47
05,06,07,23,28,38,41
04,09,13,19,26,35,47
03,14,22,35,36,38,48
03,18,23,33,40,46,49
09,11,25,29,42,45,49
01,09,13,23,35,37,49
01,09,17,19,21,28,37
01,02,03,15,22,37,41
07,16,17,26,30,31,49
03,13,16,33,35,37,40
03,13,24,26,31,32,48
11,12,15,17,21,24,25
03,17,22,27,30,37,48
17,20,35,36,39,40,44
03,04,06,19,32,45,47
16,20,24,30,33,37,48
07,09,13,20,26,34,41
18,23,38,39,43,44,46
02,18,19,24,37,43,46
17,20,22,28,34,40,47
10,17,19,26,28,29,30
08,10,15,18,29,40,42
12,14,15,16,28,29,35
15,22,24,26,37,42,49
07,21,22,33,34,37,47
05,10,15,19,22,32,33
02,14,18,21,35,36,47
02,14,15,17,24,31,44
06,08,17,20,25,40,49
01,02,04,06,08,17,37
03,06,09,17,30,37,48
10,14,26,36,38,46,49
01,10,15,16,17,44,46
23,24,36,38,42,45,46
05,07,12,15,35,45,47
05,09,20,31,32,39,43
08,16,28,31,40,43,44
04,07,10,16,31,36,40
07,08,21,25,32,40,49
12,15,28,33,37,44,48
18,23,30,40,41,44,45
09,13,15,16,17,44,46
12,16,32,34,38,39,46
17,31,34,37,39,43,44
22,23,25,27,44,45,47
02,05,06,11,27,35,38
06,09,24,28,39,42,48
09,14,16,21,32,39,44
03,16,17,21,25,33,41
01,12,23,27,30,31,37
18,19,23,30,36,42,43
11,22,29,38,39,40,46
05,06,32,33,39,42,47
07,08,10,11,19,34,45
02,27,30,31,37,46,47
11,14,18,20,37,41,46
05,12,13,28,33,37,43
02,03,05,22,23,32,33
15,17,28,30,35,37,47
02,08,10,26,35,37,44
07,16,17,29,32,33,46
01,09,24,29,34,46,47
03,04,14,28,29,40,41
01,14,21,30,41,42,46
02,09,14,21,29,31,44
24,30,31,33,40,41,48
01,11,14,16,25,32,34
05,16,18,29,45,48,49
05,23,28,29,39,40,47
07,10,12,23,40,48,49
08,09,38,42,44,48,49
18,19,22,27,29,36,47
03,07,15,25,33,39,47
07,10,15,16,21,23,36
02,15,18,19,22,27,49
01,02,18,26,27,39,42
02,20,25,26,46,47,48
04,07,29,35,39,43,44
03,13,14,23,33,36,45
14,26,31,34,37,45,48
11,12,14,16,20,33,48
07,17,22,32,34,40,47
02,11,15,17,40,43,49
01,05,19,20,23,24,32
02,03,05,15,21,27,35
01,06,09,14,35,38,45
08,09,15,19,20,30,46
07,08,10,28,46,47,48
08,10,18,19,34,36,40
07,09,11,16,22,45,46
04,15,28,38,42,45,47
05,06,07,09,13,37,44
05,11,19,26,28,30,39
12,13,22,25,32,38,41
12,15,16,31,44,46,48
06,09,22,23,35,41,48
05,09,11,18,35,40,49
20,33,40,45,47,48,49
08,13,27,31,36,39,48
09,21,22,36,38,45,46
06,20,22,26,29,39,43
07,16,18,20,36,42,43
02,07,16,25,27,46,49
01,03,22,26,29,31,37
03,10,11,22,26,37,39
13,31,33,36,38,39,42
04,10,13,16,27,37,40
11,25,34,39,41,44,48
03,10,17,20,21,25,34
08,11,13,17,30,31,48
01,05,07,14,18,21,34
04,11,12,20,26,36,38
03,05,06,11,30,40,46
02,20,31,36,43,44,47
06,10,16,19,22,25,43
04,16,29,32,34,42,46
17,25,29,32,33,35,49
03,14,15,17,22,27,30
09,16,20,23,33,42,49
07,08,21,26,41,48,49
04,05,11,13,17,23,36
12,14,17,18,27,28,46
12,19,28,34,37,40,49
10,11,15,23,30,31,49
02,03,17,18,23,34,42
06,33,34,35,37,41,48
08,12,19,20,30,32,44
05,08,14,18,21,27,42
02,06,11,13,31,33,44
06,12,19,28,29,30,47
10,14,20,28,35,40,42
06,17,25,32,34,38,42
07,08,10,27,30,37,41
02,18,26,30,33,40,48
13,22,28,32,40,46,49
03,25,28,31,39,44,49
04,08,11,20,30,39,40
03,09,21,22,23,29,43
01,08,09,22,33,35,36
05,12,13,14,27,30,33
11,20,31,33,37,47,48
06,14,18,20,25,37,43
03,04,19,26,28,35,41
01,08,15,23,24,32,46
03,11,13,24,29,40,41
02,10,24,25,31,38,49
02,03,05,10,12,30,35
01,02,08,35,42,43,44
15,22,23,27,34,36,48
02,14,17,18,24,36,43
01,02,11,16,25,28,41
03,10,21,26,30,35,49
03,04,10,14,23,24,49
02,06,07,14,21,36,38
06,08,14,22,39,45,49
04,16,18,23,39,44,49
11,28,29,34,35,39,44
05,08,12,20,33,42,45
03,04,14,17,33,38,44
01,12,20,22,30,34,38
06,08,12,13,16,28,37
04,13,23,24,37,42,45
04,06,07,34,35,41,46
03,06,19,27,29,31,34
02,09,12,19,22,26,39
02,03,04,14,22,26,36
03,10,18,24,30,41,48
01,02,18,31,32,39,45
04,10,17,19,22,31,37
02,03,20,23,27,34,49
06,11,15,25,34,37,44
01,14,15,17,23,31,40
03,06,19,20,26,30,40
05,26,30,42,44,45,48
03,04,14,15,19,20,44
02,04,05,09,16,35,37
14,27,29,35,41,42,49
14,23,24,25,34,41,43
08,11,20,28,36,43,47
02,12,13,19,27,30,31
05,06,09,16,25,27,39
04,11,14,22,37,39,44
14,17,21,31,32,33,43
05,20,21,25,26,30,33
08,10,12,13,25,27,31
09,10,16,24,26,44,48
04,07,13,24,26,27,43
01,02,03,06,12,20,41
03,04,13,15,21,29,48
04,08,13,27,28,34,47
03,06,08,09,18,20,45
04,13,18,20,25,38,47
04,06,08,11,25,40,46
01,14,15,28,29,36,47
06,11,12,13,28,34,46
12,19,20,24,26,39,42
06,07,10,28,33,38,42
03,10,13,19,21,23,28
05,09,24,26,31,37,49
19,22,28,30,39,43,48
07,09,10,20,27,38,39
03,07,11,21,25,31,32
04,05,21,32,41,42,45
02,13,15,18,24,34,35
03,17,20,25,36,44,48
09,15,16,17,30,35,43
03,05,11,19,24,46,47
07,19,20,30,31,35,46
12,22,26,31,35,40,48
01,06,07,24,31,36,39
01,03,06,07,13,14,48
05,08,11,15,18,29,37
05,26,33,36,41,46,48
02,05,27,32,35,36,48
05,08,24,26,29,34,36
06,08,12,16,18,23,27
05,13,17,23,40,41,49
02,06,11,17,20,24,38
09,19,21,22,23,43,49
07,10,15,25,26,34,38
03,05,06,25,37,43,45
06,07,18,32,39,43,44
03,04,22,27,33,41,49
03,23,28,40,42,43,45
14,15,16,19,30,36,46
02,06,11,12,16,39,45
15,18,19,25,32,42,49
03,11,12,19,35,45,47
06,18,21,23,24,32,48
15,18,19,20,34,43,48
17,21,25,26,29,38,45
15,20,23,31,35,44,46
05,12,17,24,39,48,49
03,07,30,31,34,45,49
01,05,11,25,34,43,46
19,20,21,30,32,39,42
06,25,32,36,40,45,46
02,12,14,18,20,26,27
01,03,21,23,25,32,37
03,07,11,15,18,32,33
12,16,20,27,32,36,43
15,16,20,35,36,45,49
02,03,08,15,26,43,48
05,07,18,24,28,41,49
01,02,05,09,16,29,31
09,11,18,31,38,43,46
07,18,19,29,39,47,48
04,13,14,15,34,46,47
06,17,23,24,25,31,38
01,15,26,28,31,39,49
01,05,25,35,38,44,47
02,08,12,14,33,37,47
09,10,13,22,28,40,45
11,18,23,36,45,46,48
04,07,16,32,43,46,48
12,24,32,37,43,44,46
05,21,25,26,35,38,42
07,15,20,23,32,33,35
06,19,22,25,31,37,44
03,12,16,26,29,36,42
05,10,20,26,34,40,46
07,10,13,23,39,43,49
08,24,28,34,37,43,45
20,21,22,25,27,28,33
02,06,09,21,34,37,43
09,15,21,23,41,43,44
06,15,18,26,41,46,48
01,02,08,13,22,45,46
02,13,22,28,35,41,42
02,23,29,32,39,40,42
12,22,24,29,32,47,48
02,03,04,20,23,35,44
01,10,15,20,24,30,41
16,20,31,42,46,48,49
12,18,27,30,33,43,44
07,10,11,15,37,38,43
15,16,18,19,28,38,49
04,09,32,44,46,47,48
05,06,26,28,36,39,41
03,04,09,25,26,37,39
13,19,21,32,41,42,48
09,12,30,35,42,45,48
11,24,26,31,42,44,46
03,11,18,19,23,27,44
23,29,33,34,39,44,48
08,10,15,24,30,35,49
08,17,27,28,39,44,49
11,14,18,24,28,35,41
19,23,28,30,39,41,42
04,07,21,33,37,40,47
11,17,19,25,32,43,45
07,10,11,20,31,35,41
02,07,12,17,25,36,42
01,09,18,21,39,42,48
10,19,29,31,38,47,48
07,14,23,33,35,38,41
01,03,06,11,26,36,43
01,07,08,09,10,15,26
01,04,08,17,19,29,32
11,20,35,38,39,44,49
01,09,12,30,40,45,48
02,03,11,20,23,25,29
08,12,13,25,42,43,49
20,22,28,31,36,40,44
05,07,09,25,31,37,39
02,03,25,29,32,33,35
07,17,19,21,34,42,48
05,08,13,15,27,28,37
02,04,18,20,29,38,41
06,23,27,30,34,38,45
01,03,07,19,31,39,49
12,13,24,25,26,41,43
07,20,22,25,41,45,46
09,12,15,22,23,33,41
05,06,07,12,14,18,25
08,16,24,27,30,38,40
12,18,22,24,28,43,49
06,08,15,20,30,32,42
02,03,08,13,18,20,23
06,11,12,14,35,43,44
04,14,24,41,43,46,49
04,15,21,30,33,35,47
11,17,18,20,22,29,45
01,02,03,17,24,35,36
04,13,23,28,32,40,42
03,07,08,12,18,24,41
17,22,28,38,41,43,45
15,18,20,28,29,40,47
02,09,10,15,29,44,48
02,07,14,16,22,27,47
08,11,12,25,28,30,33
08,21,28,32,33,34,48
05,09,19,20,21,28,30
07,12,14,18,30,45,47
07,08,14,32,38,42,44
06,19,24,25,26,35,36
01,13,20,24,39,45,47
07,19,34,35,38,42,46
03,12,14,15,25,32,49
07,10,11,21,33,37,43
07,08,16,31,34,38,48
02,17,27,34,42,45,47
05,12,13,24,33,46,48
09,10,15,21,22,34,38
01,05,11,21,22,32,36
14,22,23,27,36,37,44
01,08,14,15,22,28,43
06,13,18,22,25,27,31
01,08,13,16,21,29,30
02,18,24,26,41,47,49
06,16,18,21,22,29,46
10,14,30,31,34,42,47
03,09,12,18,36,39,41
12,13,28,37,39,46,47
09,12,13,24,35,41,46
04,09,20,24,26,33,46
01,04,16,31,43,48,49
04,10,19,21,23,25,46
01,04,15,25,38,41,47
03,15,24,31,34,42,47
01,02,06,29,32,37,39
18,24,28,31,32,44,45
08,09,10,11,28,35,45
01,07,16,25,30,33,40
05,06,20,22,26,30,37
10,19,20,21,23,27,48
05,10,21,27,34,40,47
03,07,16,19,23,37,45
01,24,28,34,45,47,49
17,19,26,28,32,41,43
03,06,15,27,45,47,48
09,12,26,35,36,37,48
07,14,18,29,39,42,48
03,23,29,31,33,36,38
05,15,25,33,40,44,49
10,22,25,27,31,43,45
10,16,23,26,27,36,41
09,10,17,18,23,28,31
04,07,14,16,17,31,42
13,18,25,41,44,48,49
03,04,07,17,30,32,38
04,08,32,39,42,45,49
02,11,17,24,37,41,46
02,08,22,29,33,34,35
08,16,18,25,33,34,48
04,06,14,31,33,35,48
09,10,14,25,29,35,46
08,11,17,19,37,43,45
05,17,20,21,26,30,45
10,11,25,41,42,45,46
14,25,27,35,36,40,43
07,08,23,29,33,36,39
02,05,08,11,38,41,45
05,09,19,22,25,26,41
02,05,07,10,22,26,28
02,09,13,28,31,41,46
03,05,27,32,42,46,48
02,03,06,07,11,25,29
07,12,21,22,45,48,49
06,12,15,23,29,36,37
01,08,18,24,27,41,45
05,20,26,33,42,44,48
01,02,06,37,44,45,49
07,14,20,23,29,30,42
05,06,11,12,24,26,34
07,09,10,18,19,21,29
04,28,31,32,33,34,49
06,07,08,18,22,40,41
05,08,14,19,22,38,41
01,08,10,17,31,37,43
16,22,31,32,37,42,45
20,24,25,27,31,36,44
10,17,20,21,36,44,46
05,06,10,11,17,27,45
01,04,22,25,26,36,46
02,05,10,21,25,35,49
02,03,04,20,22,40,43
02,11,21,28,32,33,38
04,07,09,13,19,37,47
10,15,17,29,35,44,46
02,09,10,13,14,27,41
02,03,06,12,15,19,36
03,05,09,14,27,33,46
07,16,17,21,27,32,40
04,06,16,27,30,40,42
06,27,30,33,37,41,47
01,02,04,20,39,48,49
13,15,17,22,24,26,43
03,06,09,12,14,21,36
07,08,24,30,34,45,48
07,16,22,24,35,41,47
20,30,37,40,41,43,45
04,08,22,27,39,41,46
02,05,09,23,26,29,31
22,24,26,38,41,43,44
04,12,21,24,26,44,48
17,18,27,30,34,41,45
06,12,15,16,20,29,31
14,15,18,29,33,34,47
11,17,25,37,39,45,46
17,22,27,28,29,31,38
03,05,19,25,32,41,48
01,05,12,17,18,22,47
03,15,17,18,27,43,49
09,12,13,22,27,37,47
18,19,27,28,33,37,43
08,13,26,35,44,45,47
05,12,20,27,31,42,49
03,04,18,25,34,35,36
03,18,27,29,32,33,35
04,10,25,36,37,41,42
01,09,13,14,18,20,24
01,02,08,10,13,18,44
05,06,12,20,32,35,36
02,08,17,26,35,38,48
06,07,09,16,18,26,28
01,12,13,15,17,27,29
02,16,31,39,42,46,48
07,12,19,21,24,26,38
07,16,25,28,30,32,48
02,10,11,12,19,20,37
05,10,18,25,32,38,40
12,14,17,24,25,32,47
09,12,24,37,40,45,47
04,09,14,32,34,37,48
02,20,26,38,42,43,46
17,21,24,26,30,43,49
01,07,08,25,26,28,31
03,07,18,25,28,36,46
01,04,08,14,19,45,48
08,25,40,41,42,45,46
12,13,15,20,22,34,47
03,14,19,30,32,39,46
02,13,23,37,45,47,48
06,09,16,17,19,31,42
02,12,31,34,45,48,49
02,05,10,19,22,42,45
02,09,11,13,29,39,44
05,10,19,28,37,39,43
05,06,16,27,31,36,48
03,07,12,16,20,42,48
04,06,13,19,26,29,47
01,03,13,18,19,39,48
07,10,14,20,21,23,31
05,08,09,18,39,44,49
12,27,29,32,37,42,43
06,18,25,26,29,36,42
20,21,22,26,28,44,48
11,20,33,39,40,41,46
02,12,17,19,24,27,32
16,18,20,23,31,32,37
01,16,31,34,39,42,46
20,21,23,28,32,34,48
10,13,15,21,38,44,48
08,18,20,24,40,42,44
13,15,29,34,40,41,42
06,07,25,26,32,33,47
02,18,19,29,42,47,49
02,06,10,12,24,30,37
02,10,13,15,23,28,49
02,07,10,22,32,34,38
11,15,22,25,27,37,49
09,15,21,30,33,36,41
01,09,20,27,28,41,44
01,02,12,20,35,43,47
08,11,17,18,28,45,47
01,06,19,21,28,30,40
03,05,08,17,28,42,44
02,18,21,32,37,38,40
08,09,20,28,36,42,44
11,14,15,18,19,34,39
03,10,28,29,36,43,45
05,12,19,27,34,35,40
08,26,27,30,34,47,48
01,02,04,15,30,42,47
01,06,12,13,19,21,41
02,06,13,14,20,48,49
09,15,20,22,23,27,31
09,12,17,18,27,29,44
22,28,37,40,41,42,43
09,12,14,22,36,39,45
01,08,17,20,22,38,40
08,23,25,26,33,41,43
04,22,27,28,39,43,47
01,03,06,09,15,16,49
02,08,23,32,35,38,45
04,05,08,09,12,19,25
01,16,21,33,34,40,45
04,14,22,35,42,46,49
10,13,17,18,19,22,35
06,09,16,31,34,37,46
01,25,31,32,38,48,49
05,13,17,21,38,40,42
01,16,28,29,33,37,47
07,09,12,20,28,38,44
01,10,13,26,43,46,49
12,21,23,27,28,29,37
04,13,25,29,36,40,48
13,15,17,18,19,47,49
07,10,24,30,35,36,39
02,06,21,26,28,33,47
05,07,09,24,36,40,42
04,09,13,14,23,34,36
02,18,37,39,43,44,46
05,07,11,12,16,21,31
03,13,30,31,33,36,41
06,11,16,25,30,35,46
06,12,17,20,23,24,30
13,26,36,37,41,46,47
01,04,08,16,24,38,45
12,15,19,20,28,29,39
03,14,17,25,30,33,39
03,04,05,08,13,22,33
10,12,13,25,28,29,41
09,22,25,30,31,39,42
02,05,06,43,46,47,48
04,17,27,32,34,39,47
12,17,27,28,31,36,48
03,14,26,27,29,32,34
04,05,07,08,18,30,35
19,25,27,29,30,36,46
02,12,15,26,27,37,44
01,04,10,13,17,19,33
02,08,19,20,26,32,47
01,05,10,15,21,27,42
01,03,06,19,20,31,39
01,08,14,17,32,35,47
02,10,16,22,25,29,38
06,17,18,25,26,32,40
19,21,29,30,35,46,49
07,08,13,17,23,35,45
04,09,15,26,27,41,43
07,11,14,20,21,36,38
07,14,18,22,29,34,48
03,09,10,16,23,32,36
03,07,12,14,22,30,33
07,25,26,42,44,46,47
12,20,25,29,32,38,49
07,14,28,34,37,38,42
05,15,16,23,29,32,44
10,15,17,31,32,38,39
04,06,10,20,26,42,45
03,05,08,13,14,23,29
13,14,20,22,27,28,33
05,17,21,23,24,42,46
12,21,23,28,30,36,46
05,12,18,26,34,38,43
03,04,13,15,25,38,43
07,10,24,25,26,34,42
04,12,13,23,25,44,47
06,17,18,27,31,39,40
01,11,20,25,33,36,49
06,23,24,29,41,43,47
04,09,23,25,27,42,44
05,08,18,26,36,38,43
02,05,08,12,23,40,46
09,10,19,21,26,44,49
09,20,24,29,37,42,47
21,30,31,33,40,42,46
05,13,23,28,29,33,39
03,08,17,21,24,31,39
01,05,06,32,36,38,44
07,13,21,25,28,31,47
02,04,12,27,29,30,36
08,16,38,39,40,43,49
06,12,15,21,23,42,48
03,11,21,32,38,41,49
15,23,33,35,37,42,45
03,09,14,18,26,31,49
04,06,10,13,24,28,44
07,08,17,21,26,34,44
04,08,09,10,12,20,34
06,07,10,17,24,33,45
06,11,17,21,32,37,39
08,16,21,23,35,38,44
03,08,21,28,32,34,48
09,12,16,19,21,23,45
03,15,16,18,19,29,35
01,05,10,18,27,34,45
01,11,16,33,42,44,49
04,13,25,45,46,47,48
09,13,18,24,28,31,44
06,14,27,30,36,40,49
03,24,34,38,40,42,48
09,15,21,27,36,41,49
15,18,23,39,40,46,48
06,23,26,30,34,36,41
01,08,11,19,20,25,28
06,15,16,19,21,29,42
16,19,35,40,42,45,48
08,15,22,29,31,34,48
09,20,23,24,34,38,44
05,18,29,33,41,45,49
01,06,09,15,31,32,40
05,07,11,40,41,47,48
10,11,20,36,39,44,49
01,02,16,27,34,37,46
08,13,23,28,31,40,47
03,20,21,30,32,48,49
13,14,32,34,39,46,47
13,16,21,22,36,38,43
15,16,21,27,39,43,46
05,12,26,29,34,41,49
08,09,26,27,31,32,47
12,20,21,23,26,28,41
04,07,08,09,15,19,23
10,14,28,32,39,44,45
04,25,27,30,41,42,48
09,16,20,35,38,39,47
10,12,14,26,38,40,48
09,10,20,26,37,43,49
03,08,19,21,25,31,48
01,03,04,24,32,33,37
13,16,20,25,34,42,45
08,30,32,35,36,42,45
01,05,11,16,27,42,47
02,21,22,25,27,35,37
19,22,25,27,28,40,47
12,16,20,22,26,28,29
03,07,08,09,43,45,49
16,26,29,39,41,44,46
06,21,22,25,36,37,47
20,23,24,31,36,40,46
17,19,26,29,34,35,38
13,17,19,21,23,31,33
12,14,18,19,27,29,36
06,14,23,29,39,44,49
04,16,36,37,43,48,49
07,09,18,20,27,42,43
18,21,27,31,35,38,44
03,12,17,30,35,44,46
01,07,12,16,17,31,49
02,05,08,14,20,32,49
04,05,06,23,24,31,45
06,10,21,29,32,35,47
09,11,19,28,29,39,47
08,20,24,27,31,44,46
03,17,28,35,37,40,46
06,16,20,24,40,47,48
08,11,17,23,26,35,36
04,09,14,20,32,33,38
06,08,18,23,31,41,42
05,07,24,31,39,48,49
20,21,27,31,32,35,44
02,08,15,31,41,44,46
11,16,35,37,39,43,46
06,10,21,22,23,26,45
04,16,23,31,35,47,48
02,13,19,22,25,35,38
06,09,23,24,26,39,49
10,14,26,34,43,47,48
01,10,12,13,14,26,33
02,12,14,16,28,44,48
01,03,13,28,29,42,45
04,18,19,24,29,34,42
01,06,07,19,21,28,43
04,12,27,30,32,35,47
10,21,22,28,33,34,36
01,03,05,06,26,35,39
01,03,04,19,25,35,46
02,03,06,32,41,42,48
14,27,31,37,39,44,46
07,16,24,26,30,34,40
14,15,16,20,30,46,47
09,10,19,24,28,30,31
09,19,25,26,29,30,44
05,22,28,31,39,46,48
15,20,26,35,43,45,47
02,12,18,21,23,31,37
05,19,20,33,35,43,49
26,28,35,38,39,44,49
18,23,28,35,39,42,44
26,28,31,32,34,43,44
13,23,26,28,35,42,45
12,19,21,33,41,43,44
01,06,13,14,18,33,42
02,17,25,27,33,41,43
10,11,13,23,28,37,44
03,09,28,31,35,43,49
05,07,09,11,20,32,46
06,08,12,37,40,43,47
03,08,10,18,24,31,43
02,13,19,29,32,38,48
04,20,33,37,45,47,49
10,21,27,34,36,48,49
04,07,08,18,20,34,39
04,07,11,16,20,39,44
11,20,26,38,42,45,48
02,05,22,27,44,47,49
14,18,21,23,29,35,47
09,13,15,29,32,38,40
06,15,16,18,33,39,46
07,09,17,20,31,41,45
06,13,24,27,38,40,45
01,06,07,10,17,31,33
04,06,27,29,30,35,49
04,05,16,20,25,42,49
03,16,17,26,29,35,44
19,22,32,34,38,40,43
03,07,11,40,42,45,47
04,09,18,28,40,41,46
02,08,11,22,28,32,42
10,13,26,31,36,40,45
02,05,27,32,41,44,48
02,08,14,20,30,32,38
07,08,21,22,24,28,49
03,25,28,29,37,44,49
06,08,09,20,29,36,41
04,12,13,32,38,40,47
12,24,30,34,38,40,43
03,08,12,17,22,29,34
07,13,17,18,27,33,44
11,29,31,41,43,45,46
07,09,11,15,21,32,38
05,06,13,29,33,36,44
04,05,09,14,15,21,38
05,06,26,29,34,36,43
03,08,11,19,25,33,43
13,25,29,38,39,40,49
04,09,12,23,41,43,49
01,05,15,26,41,44,47
08,12,20,24,31,37,45
14,22,33,35,36,41,47
02,06,25,30,39,42,45
09,12,18,21,30,34,45
01,02,03,05,14,16,25
10,23,28,29,37,41,47
03,12,13,19,24,33,38
07,11,12,14,17,23,38
03,04,09,10,16,18,41
03,08,25,27,34,41,43
01,04,06,08,28,32,36
03,04,15,21,24,45,48
03,28,38,42,43,44,48
03,06,12,17,26,31,43
16,24,28,36,39,43,49
02,04,06,15,22,31,46
01,03,16,18,32,35,45
05,06,08,14,25,38,40
10,16,18,19,28,32,47
04,05,09,17,31,32,46
02,05,07,12,24,25,43
11,13,25,26,29,30,41
05,13,15,17,29,42,45
05,06,24,26,40,45,49
09,19,36,40,42,46,48
08,19,24,25,27,31,45
01,06,13,17,18,25,29
18,30,37,39,42,44,48
08,15,18,21,38,40,49
15,21,30,32,40,46,48
06,12,30,42,44,46,49
04,10,11,21,31,32,41
02,09,15,20,32,33,49
04,09,20,21,24,33,42
02,09,11,17,23,25,35
14,17,18,29,34,45,46
02,18,25,27,32,41,43
05,15,17,21,40,44,45
10,12,17,39,45,46,49
07,16,21,28,33,40,41
02,06,12,22,33,35,45
02,07,12,25,29,32,35
03,08,12,14,19,33,37
08,15,26,29,35,36,44
02,09,10,12,17,18,39
06,11,15,28,29,37,45
07,15,22,23,30,47,48
03,08,24,31,35,40,42
04,18,19,30,41,48,49
03,13,19,40,44,45,46
02,03,09,22,25,28,31
04,10,24,28,33,35,41
07,16,23,25,27,30,35
03,12,27,36,39,43,45
02,09,26,27,31,33,49
09,10,14,21,30,37,49
04,05,09,12,31,44,46
09,11,20,21,22,38,42
19,28,32,34,36,42,47
02,05,13,28,36,44,45
07,21,29,33,42,46,48
01,06,07,22,31,32,33
07,10,25,36,41,45,49
06,19,20,25,39,42,48
03,10,19,23,24,29,46
09,13,20,24,38,43,49
01,02,15,31,35,41,48
07,24,29,32,37,44,48
07,20,25,28,31,43,47
03,18,27,30,33,40,45
04,14,32,35,38,41,42
05,06,09,23,25,31,46
07,19,33,38,41,47,48
12,17,28,32,33,35,45
04,06,10,12,19,23,32
11,18,23,24,27,28,39
14,16,30,35,36,45,49
07,17,19,23,31,36,41
03,06,10,14,19,25,33
01,03,04,05,16,32,33
08,11,16,21,24,28,41
06,07,17,20,32,44,49
11,16,29,30,31,33,42
04,09,12,15,28,29,43
03,11,12,16,34,36,37
01,03,06,34,37,42,45
17,18,19,21,32,40,49
05,08,18,22,32,39,45
02,27,30,32,35,36,38
12,16,21,33,34,35,43
09,15,18,19,21,39,49
14,15,19,22,36,39,46
03,15,18,26,37,44,49
07,15,16,19,32,37,47
08,26,29,35,42,45,47
03,14,16,17,35,40,44
06,20,21,22,24,26,35
01,02,11,16,29,43,47
14,15,17,18,24,26,39
04,23,27,32,35,43,47
09,12,17,23,34,42,47
10,19,25,29,39,41,42
16,17,22,24,40,41,47
17,26,30,32,34,39,41
12,17,22,30,34,43,49
08,17,21,23,24,28,39
07,09,13,18,27,33,44
08,09,12,13,29,30,31
08,10,15,17,33,34,35
01,04,05,07,22,29,48
01,06,13,19,32,35,40
11,15,24,26,37,38,43
02,08,28,30,36,39,42
08,18,27,28,38,41,48
02,07,08,11,16,17,18
01,03,10,24,31,32,42
09,14,24,35,37,38,40
24,28,30,32,43,44,47
02,19,30,38,40,46,47
06,08,11,21,23,28,48
07,11,14,16,34,44,46
10,13,17,18,26,28,40
01,04,10,21,29,36,40
06,09,10,24,29,47,49
02,14,16,18,23,36,44
06,09,10,14,17,18,19
04,07,10,12,23,25,36
04,10,18,20,31,35,44
05,15,25,38,42,46,47
08,27,28,29,31,32,35
05,17,19,25,31,38,46
04,09,21,22,27,31,34
01,09,10,18,32,38,47
01,11,14,16,31,44,46
02,03,11,25,34,36,40
02,07,17,18,25,35,38
02,08,20,24,34,42,45
02,08,21,22,24,28,37
02,11,14,15,30,37,41
02,28,29,33,40,42,47
03,04,07,08,29,36,37
03,04,16,20,21,29,48
04,05,22,37,39,44,48
04,14,15,20,23,29,32
04,14,15,29,32,43,48
04,15,29,36,39,44,47
06,08,24,31,34,44,47
06,10,14,25,30,37,46
07,11,15,16,23,37,43
08,09,10,18,19,34,35
08,15,33,34,35,46,49
09,12,21,26,31,32,50
09,13,14,23,24,28,50
09,18,19,22,29,30,38
10,17,20,36,37,40,49
11,30,33,34,41,42,46
14,16,17,22,33,37,42
14,21,24,33,39,46,49
17,24,30,33,41,44,48
18,29,31,36,43,48,49
12,26,30,31,35,39,45
01,03,11,23,30,35,45
01,04,10,14,16,35,39
01,06,17,19,21,29,33
01,12,25,31,32,34,50
01,13,21,27,33,38,50
02,04,07,12,35,46,49
02,06,10,35,38,42,50
02,10,24,29,34,39,45
02,19,23,25,42,44,45
03,10,14,25,27,38,46
04,13,19,24,36,37,42
05,06,18,20,36,39,45
05,21,24,38,45,47,50
06,07,14,17,19,35,46
06,15,17,23,34,42,45
05,06,20,29,42,44,47
01,17,18,20,44,47,49
02,04,15,19,28,42,48
02,05,08,19,21,31,35
03,08,09,21,29,34,40
04,09,23,32,39,41,49
04,13,14,18,22,24,32
05,08,10,33,35,36,43
05,08,25,28,40,44,47
05,11,13,15,20,37,41
05,15,20,30,36,48,50
08,10,19,24,27,34,44
08,23,34,41,42,44,46
17,19,20,24,26,38,40
10,35,38,40,45,47,48
02,16,17,21,38,43,45
01,02,10,24,31,35,47
01,07,08,26,27,40,42
01,07,15,16,28,32,37
01,10,12,13,15,16,50
01,16,20,25,45,47,50
02,03,07,14,18,27,46
02,05,09,16,35,39,45
02,05,15,25,28,38,50
02,07,12,15,26,35,36
02,13,25,30,43,46,47
02,15,34,36,46,47,49
03,06,07,17,41,44,50
03,06,17,18,26,31,32
03,11,22,27,29,45,50
03,13,14,28,33,38,42
04,06,09,20,28,35,47
04,09,13,16,20,27,44
04,18,19,29,34,45,48
04,18,21,26,35,39,43
05,08,15,16,19,26,34
05,11,14,30,32,38,46
05,11,20,25,29,33,37
05,14,23,28,30,39,45
05,15,17,25,31,45,47
05,15,31,33,41,42,46
05,15,32,37,39,49,50
06,07,25,27,36,39,50
06,08,16,17,25,45,47
06,10,13,14,27,33,43
07,08,11,23,27,39,41
07,18,24,29,42,44,46
08,09,20,21,24,34,40
08,16,19,28,33,36,38
08,16,20,35,38,41,42
09,21,24,26,31,37,42
11,16,19,22,26,32,40
12,13,21,27,31,35,43
13,22,26,27,34,35,39
14,21,24,27,31,33,40
14,27,33,38,39,43,46
15,17,21,29,30,48,50
17,20,21,24,26,28,37
25,30,31,37,41,42,44
26,28,30,33,45,47,49
